"Var1"	"Freq"
"1"	"COL11A2"	151
"2"	"MT-CO2"	148
"3"	"CBX8"	131
"4"	"IFI27"	96
"5"	"TGFB1"	88
"6"	"CCT4"	68
"7"	"MT-CO1"	68
"8"	"SELE"	61
"9"	"PCSK1"	55
"10"	"CHEK2"	50
"11"	"INS"	50
"12"	"PIK3CD"	50
"13"	"KLK3"	46
"14"	"F2"	45
"15"	"DCTN6"	44
"16"	"XK"	44
"17"	"BIRC2"	42
"18"	"PGP"	40
"19"	"NUP62"	36
"20"	"MMP1"	33
"21"	"CYP4F3"	31
"22"	"PHB2"	31
"23"	"PRKAA2"	28
"24"	"TRAF2"	28
"25"	"DFFA"	27
"26"	"KRT6A"	27
"27"	"PLAT"	27
"28"	"ISYNA1"	26
"29"	"ITK"	25
"30"	"SSSCA1"	23
"31"	"MAU2"	22
"32"	"PRRT2"	22
"33"	"SP1"	22
"34"	"IFI44"	21
"35"	"PLK1"	21
"36"	"BBS9"	20
"37"	"GCG"	20
"38"	"AURKB"	19
"39"	"CD8A"	19
"40"	"CKLF"	19
"41"	"ENDOG"	19
"42"	"EPHB2"	19
"43"	"F10"	18
"44"	"PIK3R1"	18
"45"	"PIK3R2"	18
"46"	"PIM1"	18
"47"	"TP73"	18
"48"	"CASP4"	17
"49"	"COX8A"	17
"50"	"GLB1"	17
"51"	"SLC16A1"	17
"52"	"CCND2"	16
"53"	"CRYZ"	16
"54"	"GUSB"	16
"55"	"HPR"	16
"56"	"HSD17B7"	16
"57"	"PRAP1"	16
"58"	"PRDX5"	16
"59"	"RIPK1"	16
"60"	"SEPT4"	16
"61"	"C4A"	15
"62"	"EDN1"	15
"63"	"SLC22A1"	15
"64"	"ABCC3"	14
"65"	"DPP4"	14
"66"	"EDNRB"	14
"67"	"SOCS6"	14
"68"	"TP63"	14
"69"	"FLT3"	13
"70"	"PAK3"	13
"71"	"PLP2"	13
"72"	"RPS6"	13
"73"	"TPO"	13
"74"	"AGT"	12
"75"	"BCAR1"	12
"76"	"BNIP3"	12
"77"	"CAV1"	12
"78"	"EFNA1"	12
"79"	"EPB42"	12
"80"	"ESRRA"	12
"81"	"ESS2"	12
"82"	"HCFC1"	12
"83"	"HSD17B1"	12
"84"	"KLRK1"	12
"85"	"KRT18"	12
"86"	"RECK"	12
"87"	"RPS6KA2"	12
"88"	"SULT1A1"	12
"89"	"SULT1E1"	12
"90"	"TSC1"	12
"91"	"TYMS"	12
"92"	"ABCC5"	11
"93"	"AKR1C3"	11
"94"	"APP"	11
"95"	"ATP2C1"	11
"96"	"AXIN1"	11
"97"	"AXIN2"	11
"98"	"BCL2A1"	11
"99"	"C2"	11
"100"	"CCL22"	11
"101"	"CHRNA4"	11
"102"	"CLK1"	11
"103"	"CSNK2A2"	11
"104"	"DNAJB7"	11
"105"	"HOXC8"	11
"106"	"HTRA2"	11
"107"	"KCNA3"	11
"108"	"LARP6"	11
"109"	"NEK4"	11
"110"	"NEK9"	11
"111"	"NFKBIB"	11
"112"	"TPCN1"	11
"113"	"ABCB6"	10
"114"	"BTG2"	10
"115"	"BUB1"	10
"116"	"CA4"	10
"117"	"CDC25B"	10
"118"	"GPLD1"	10
"119"	"IL31RA"	10
"120"	"KLF4"	10
"121"	"MT4"	10
"122"	"PCSK9"	10
"123"	"PLA2G4A"	10
"124"	"PLG"	10
"125"	"TOP2B"	10
"126"	"TP53I3"	10
"127"	"TSPO"	10
"128"	"VDAC1"	10
"129"	"AKR1C2"	9
"130"	"ANAPC10"	9
"131"	"BMP1"	9
"132"	"BUB1B"	9
"133"	"C3"	9
"134"	"C5"	9
"135"	"C7"	9
"136"	"CALM1"	9
"137"	"CASP10"	9
"138"	"CDC6"	9
"139"	"CYP2C8"	9
"140"	"CYP2D6"	9
"141"	"HK1"	9
"142"	"ID1"	9
"143"	"LY96"	9
"144"	"MAPKAPK2"	9
"145"	"MMRN1"	9
"146"	"NAT1"	9
"147"	"NR4A3"	9
"148"	"ODC1"	9
"149"	"PIK3CB"	9
"150"	"PNLIP"	9
"151"	"POLR2H"	9
"152"	"PTGS1"	9
"153"	"STS"	9
"154"	"SUCO"	9
"155"	"TFRC"	9
"156"	"TNFRSF10C"	9
"157"	"TOP2A"	9
"158"	"TRIM44"	9
"159"	"UBE3A"	9
"160"	"ABHD14B"	8
"161"	"ADRB2"	8
"162"	"AQP1"	8
"163"	"C6"	8
"164"	"CDKN2D"	8
"165"	"DAPK1"	8
"166"	"EPHA8"	8
"167"	"FCGR3A"	8
"168"	"GPC3"	8
"169"	"GSTA1"	8
"170"	"HAGH"	8
"171"	"HSD17B6"	8
"172"	"IFNGR2"	8
"173"	"IL9"	8
"174"	"JAG1"	8
"175"	"KRT1"	8
"176"	"MAD2L1"	8
"177"	"MAGT1"	8
"178"	"NBN"	8
"179"	"PDZD4"	8
"180"	"POLA1"	8
"181"	"PTTG1"	8
"182"	"RARA"	8
"183"	"SELP"	8
"184"	"SI"	8
"185"	"TNP2"	8
"186"	"ACTA1"	7
"187"	"ADAM9"	7
"188"	"ADI1"	7
"189"	"ALDH1B1"	7
"190"	"ANPEP"	7
"191"	"CA2"	7
"192"	"CHDH"	7
"193"	"CLDN2"	7
"194"	"CRYGD"	7
"195"	"CTSL"	7
"196"	"EDA"	7
"197"	"ESRRG"	7
"198"	"GYPA"	7
"199"	"HBEGF"	7
"200"	"HBM"	7
"201"	"HNRNPC"	7
"202"	"HOXC10"	7
"203"	"IL32"	7
"204"	"ING1"	7
"205"	"KCNMA1"	7
"206"	"MARCKS"	7
"207"	"MPG"	7
"208"	"MT2A"	7
"209"	"NDC80"	7
"210"	"NPEPPS"	7
"211"	"NUTM1"	7
"212"	"PCLAF"	7
"213"	"PIK3CG"	7
"214"	"PLIN2"	7
"215"	"POU3F2"	7
"216"	"PRDX1"	7
"217"	"PSMA5"	7
"218"	"RBL1"	7
"219"	"RICTOR"	7
"220"	"SLC25A6"	7
"221"	"SLC31A1"	7
"222"	"SMPD2"	7
"223"	"TFPI2"	7
"224"	"TGFBR1"	7
"225"	"TIMM8A"	7
"226"	"TP53BP1"	7
"227"	"TUBB3"	7
"228"	"UCN3"	7
"229"	"UGT2B15"	7
"230"	"WIF1"	7
"231"	"ZAP70"	7
"232"	"AGXT"	6
"233"	"ARSH"	6
"234"	"ASAH1"	6
"235"	"ATF6B"	6
"236"	"BAD"	6
"237"	"CALM3"	6
"238"	"CAMP"	6
"239"	"CCL17"	6
"240"	"CCL3"	6
"241"	"CEBPA"	6
"242"	"CIP2A"	6
"243"	"CX3CL1"	6
"244"	"CXCL13"	6
"245"	"CYP2A6"	6
"246"	"DECR1"	6
"247"	"DTNB"	6
"248"	"E2F5"	6
"249"	"ENPP2"	6
"250"	"ERAL1"	6
"251"	"FPR1"	6
"252"	"FUT1"	6
"253"	"GDE1"	6
"254"	"GEN1"	6
"255"	"GTPBP1"	6
"256"	"HMGN1"	6
"257"	"HOXD13"	6
"258"	"HRK"	6
"259"	"ITGB4"	6
"260"	"ITLN1"	6
"261"	"ITPR3"	6
"262"	"IVL"	6
"263"	"KCNMB1"	6
"264"	"KRT8"	6
"265"	"LEPR"	6
"266"	"LRP6"	6
"267"	"LTA"	6
"268"	"MATK"	6
"269"	"MYT1"	6
"270"	"NEURL1"	6
"271"	"NME1"	6
"272"	"NOLC1"	6
"273"	"NR2F1"	6
"274"	"PDCD1"	6
"275"	"POLB"	6
"276"	"PPARGC1A"	6
"277"	"PRKCQ"	6
"278"	"PRLR"	6
"279"	"PTPN22"	6
"280"	"RARRES1"	6
"281"	"RPTOR"	6
"282"	"SDC1"	6
"283"	"SLC25A16"	6
"284"	"SLC5A5"	6
"285"	"SREBF1"	6
"286"	"STAT2"	6
"287"	"TIMP3"	6
"288"	"TMPRSS2"	6
"289"	"TNC"	6
"290"	"TNFRSF11A"	6
"291"	"TNFSF14"	6
"292"	"ZFP36"	6
"293"	"ACTR1B"	5
"294"	"ACTR2"	5
"295"	"ADAMTS4"	5
"296"	"ADCYAP1R1"	5
"297"	"ADGRE5"	5
"298"	"ALDH1A3"	5
"299"	"ALDH3A1"	5
"300"	"ALDH7A1"	5
"301"	"ANO1"	5
"302"	"ASGR1"	5
"303"	"ASGR2"	5
"304"	"ATP7A"	5
"305"	"ATP8A2"	5
"306"	"CA12"	5
"307"	"CAMKK2"	5
"308"	"CCNH"	5
"309"	"CD1D"	5
"310"	"CD40LG"	5
"311"	"CES2"	5
"312"	"CHKA"	5
"313"	"CHMP2A"	5
"314"	"CHUK"	5
"315"	"CISH"	5
"316"	"CXCR1"	5
"317"	"CXCR2"	5
"318"	"CYP2A13"	5
"319"	"CYP4V2"	5
"320"	"DLK1"	5
"321"	"DYNC1H1"	5
"322"	"EFNB2"	5
"323"	"EIF4G1"	5
"324"	"ETS1"	5
"325"	"FABP5"	5
"326"	"FOS"	5
"327"	"FOSL2"	5
"328"	"GADD45B"	5
"329"	"GPR101"	5
"330"	"GPRC6A"	5
"331"	"GTF2B"	5
"332"	"HM13"	5
"333"	"HMBS"	5
"334"	"HNRNPA2B1"	5
"335"	"ID2"	5
"336"	"IFNAR1"	5
"337"	"IFNAR2"	5
"338"	"IGFBP2"	5
"339"	"IKBKE"	5
"340"	"ITGAV"	5
"341"	"ITGB3"	5
"342"	"JUN"	5
"343"	"KAT8"	5
"344"	"KCNMB2"	5
"345"	"KCNN3"	5
"346"	"KCNN4"	5
"347"	"KIF20A"	5
"348"	"KRT20"	5
"349"	"LMLN"	5
"350"	"LMOD1"	5
"351"	"LTBR"	5
"352"	"MAPK13"	5
"353"	"MAPK6"	5
"354"	"MBL2"	5
"355"	"MBP"	5
"356"	"MBTPS1"	5
"357"	"MLIP"	5
"358"	"MPP2"	5
"359"	"MT-CO3"	5
"360"	"MXD1"	5
"361"	"NCOA1"	5
"362"	"NCOA3"	5
"363"	"NEU3"	5
"364"	"NFE2"	5
"365"	"NLRP2"	5
"366"	"NME2"	5
"367"	"NOTCH2"	5
"368"	"NT5C3A"	5
"369"	"ONECUT2"	5
"370"	"PEPD"	5
"371"	"PGK1"	5
"372"	"PITX2"	5
"373"	"PLA2G10"	5
"374"	"PLD1"	5
"375"	"PPP1R1A"	5
"376"	"PPP1R3A"	5
"377"	"PRB3"	5
"378"	"PRKCZ"	5
"379"	"PTP4A2"	5
"380"	"RARG"	5
"381"	"RGS10"	5
"382"	"RGS14"	5
"383"	"RGS4"	5
"384"	"S100A10"	5
"385"	"SAT1"	5
"386"	"SBF1"	5
"387"	"SERPINB3"	5
"388"	"SERPINF2"	5
"389"	"SGK1"	5
"390"	"SLC22A5"	5
"391"	"SLC25A5"	5
"392"	"SLC26A4"	5
"393"	"SMR3B"	5
"394"	"SPHK2"	5
"395"	"SPTAN1"	5
"396"	"STIM1"	5
"397"	"SULT1A3"	5
"398"	"SUZ12"	5
"399"	"TCF7L2"	5
"400"	"TENM1"	5
"401"	"TKT"	5
"402"	"TNFRSF10D"	5
"403"	"TRAF1"	5
"404"	"TRIB3"	5
"405"	"TRPC1"	5
"406"	"TSPAN16"	5
"407"	"TXNRD2"	5
"408"	"TYRO3"	5
"409"	"TYRP1"	5
"410"	"UBASH3B"	5
"411"	"ZEB2"	5
"412"	"ABL2"	4
"413"	"ACCS"	4
"414"	"ACLY"	4
"415"	"ACSBG1"	4
"416"	"ADCY2"	4
"417"	"ADCY5"	4
"418"	"ADGRL1"	4
"419"	"ADORA2A"	4
"420"	"ADRA1D"	4
"421"	"AKT1S1"	4
"422"	"AP2M1"	4
"423"	"AQP3"	4
"424"	"ARID1A"	4
"425"	"ASCL1"	4
"426"	"AVP"	4
"427"	"B3GAT2"	4
"428"	"BAG1"	4
"429"	"BAP1"	4
"430"	"BARD1"	4
"431"	"BIRC7"	4
"432"	"BMP4"	4
"433"	"BRD4"	4
"434"	"BRIX1"	4
"435"	"BTRC"	4
"436"	"CACNA1G"	4
"437"	"CARD16"	4
"438"	"CCL27"	4
"439"	"CCR3"	4
"440"	"CD47"	4
"441"	"CDA"	4
"442"	"CDC37"	4
"443"	"CDT1"	4
"444"	"CENPF"	4
"445"	"CFL1"	4
"446"	"CHP1"	4
"447"	"CLDN1"	4
"448"	"CMPK2"	4
"449"	"CRMP1"	4
"450"	"CSNK2A1"	4
"451"	"CTNNBIP1"	4
"452"	"CUL3"	4
"453"	"CYLD"	4
"454"	"CYP17A1"	4
"455"	"CYP3A5"	4
"456"	"DEPP1"	4
"457"	"DHDH"	4
"458"	"DHPS"	4
"459"	"DLC1"	4
"460"	"DRAM1"	4
"461"	"DUSP10"	4
"462"	"EDNRA"	4
"463"	"EEF1A1"	4
"464"	"EEF2"	4
"465"	"EEF2K"	4
"466"	"EFNA5"	4
"467"	"EFS"	4
"468"	"EPAS1"	4
"469"	"EPHA1"	4
"470"	"EPHX1"	4
"471"	"ERCC8"	4
"472"	"ESRRB"	4
"473"	"ETV4"	4
"474"	"EZH2"	4
"475"	"FANCB"	4
"476"	"FANCC"	4
"477"	"FARP1"	4
"478"	"FGB"	4
"479"	"FGR"	4
"480"	"FOXG1"	4
"481"	"FOXO4"	4
"482"	"FURIN"	4
"483"	"FYN"	4
"484"	"GCK"	4
"485"	"GET4"	4
"486"	"GPI"	4
"487"	"GSTA4"	4
"488"	"HMGA2"	4
"489"	"HNMT"	4
"490"	"HSD3B2"	4
"491"	"IFNA2"	4
"492"	"IL11"	4
"493"	"IL13"	4
"494"	"IL17C"	4
"495"	"IL1B"	4
"496"	"IL1R1"	4
"497"	"IL22"	4
"498"	"ITGA6"	4
"499"	"ITLN2"	4
"500"	"JAG2"	4
"501"	"KCNA1"	4
"502"	"KDM4B"	4
"503"	"KRT5"	4
"504"	"LMTK3"	4
"505"	"LYZ"	4
"506"	"MAD1L1"	4
"507"	"MAPK11"	4
"508"	"MARK4"	4
"509"	"MCIDAS"	4
"510"	"MCM10"	4
"511"	"MIB1"	4
"512"	"MRGPRF"	4
"513"	"MSH3"	4
"514"	"MT-CYB"	4
"515"	"MT-ND6"	4
"516"	"MTTP"	4
"517"	"MYBL2"	4
"518"	"MYL2"	4
"519"	"NCOR1"	4
"520"	"NEU1"	4
"521"	"NOL3"	4
"522"	"NPPA"	4
"523"	"NR0B2"	4
"524"	"NR1H3"	4
"525"	"NUDT6"	4
"526"	"OPA1"	4
"527"	"ORAI1"	4
"528"	"OTUD4"	4
"529"	"PAF1"	4
"530"	"PAM"	4
"531"	"PARK7"	4
"532"	"PIAS3"	4
"533"	"PLAUR"	4
"534"	"PLCG1"	4
"535"	"PLCG2"	4
"536"	"PLEK"	4
"537"	"POLR3K"	4
"538"	"POTEF"	4
"539"	"PPA1"	4
"540"	"PRNP"	4
"541"	"PSCA"	4
"542"	"PTCH2"	4
"543"	"PTP4A1"	4
"544"	"PTPRU"	4
"545"	"PUM3"	4
"546"	"RAD50"	4
"547"	"RBL2"	4
"548"	"RNF2"	4
"549"	"RRAD"	4
"550"	"RRM2B"	4
"551"	"S100A8"	4
"552"	"SART3"	4
"553"	"SDS"	4
"554"	"SELENOP"	4
"555"	"SLC45A2"	4
"556"	"SLC5A1"	4
"557"	"SLC7A5"	4
"558"	"SMC1A"	4
"559"	"SPR"	4
"560"	"ST13"	4
"561"	"STMN1"	4
"562"	"SUV39H1"	4
"563"	"SYNM"	4
"564"	"TACR1"	4
"565"	"TBX1"	4
"566"	"TERF1"	4
"567"	"TLR6"	4
"568"	"TOLLIP"	4
"569"	"TRPM7"	4
"570"	"TRPV6"	4
"571"	"TYK2"	4
"572"	"UBA7"	4
"573"	"UGCG"	4
"574"	"UGT2B7"	4
"575"	"WISP2"	4
"576"	"AADAC"	3
"577"	"ABCB4"	3
"578"	"ABCC1"	3
"579"	"ABCC6"	3
"580"	"ABO"	3
"581"	"ACPP"	3
"582"	"ACSL4"	3
"583"	"ACTR1A"	3
"584"	"ADAM17"	3
"585"	"AIDA"	3
"586"	"ALDH1A1"	3
"587"	"ALOX15B"	3
"588"	"ALOX5AP"	3
"589"	"ANGPT2"	3
"590"	"ANKRD1"	3
"591"	"APOD"	3
"592"	"AQP4"	3
"593"	"AQP5"	3
"594"	"ARHGDIA"	3
"595"	"ARSA"	3
"596"	"ATF4"	3
"597"	"ATG5"	3
"598"	"ATG7"	3
"599"	"ATP2A3"	3
"600"	"ATP5F1E"	3
"601"	"ATP6V0A2"	3
"602"	"B2M"	3
"603"	"BIRC5"	3
"604"	"BLNK"	3
"605"	"BNIP1"	3
"606"	"C19orf48"	3
"607"	"C5AR1"	3
"608"	"CACNA1H"	3
"609"	"CADM1"	3
"610"	"CAPN1"	3
"611"	"CARD10"	3
"612"	"CCL28"	3
"613"	"CCL4"	3
"614"	"CCL5"	3
"615"	"CCNC"	3
"616"	"CCND1"	3
"617"	"CCNG2"	3
"618"	"CD1A"	3
"619"	"CD38"	3
"620"	"CD59"	3
"621"	"CD63"	3
"622"	"CDC123"	3
"623"	"CDH11"	3
"624"	"CDK5"	3
"625"	"CDKN1B"	3
"626"	"CDX2"	3
"627"	"CHGB"	3
"628"	"CIDEB"	3
"629"	"CLDN4"	3
"630"	"CLDN5"	3
"631"	"CLINT1"	3
"632"	"COL1A1"	3
"633"	"COPS8"	3
"634"	"CPQ"	3
"635"	"CSF3"	3
"636"	"CTNNBL1"	3
"637"	"CUL1"	3
"638"	"CXCL10"	3
"639"	"CXCL5"	3
"640"	"CXCL6"	3
"641"	"CYR61"	3
"642"	"DBP"	3
"643"	"DCAF7"	3
"644"	"DCT"	3
"645"	"DDX53"	3
"646"	"DHFR"	3
"647"	"DHRS11"	3
"648"	"DKK2"	3
"649"	"DMAP1"	3
"650"	"DUSP16"	3
"651"	"EBP"	3
"652"	"EED"	3
"653"	"EEF1A2"	3
"654"	"EIF5A"	3
"655"	"ELF1"	3
"656"	"ENO1"	3
"657"	"ENOX1"	3
"658"	"EPX"	3
"659"	"ERBB2"	3
"660"	"ERN2"	3
"661"	"EWSR1"	3
"662"	"F11R"	3
"663"	"F7"	3
"664"	"FAF1"	3
"665"	"FBXO32"	3
"666"	"FGF7"	3
"667"	"FHIT"	3
"668"	"FIS1"	3
"669"	"FLG"	3
"670"	"FOLH1"	3
"671"	"FOSB"	3
"672"	"FSD1"	3
"673"	"G3BP1"	3
"674"	"GAB1"	3
"675"	"GATA1"	3
"676"	"GATA3"	3
"677"	"GCH1"	3
"678"	"GPAT3"	3
"679"	"GPHB5"	3
"680"	"GRN"	3
"681"	"GSK3B"	3
"682"	"GTF2H3"	3
"683"	"GYPC"	3
"684"	"HAND2"	3
"685"	"HAVCR1"	3
"686"	"HDGF"	3
"687"	"HHAT"	3
"688"	"HHEX"	3
"689"	"HIST2H3C"	3
"690"	"HLF"	3
"691"	"HMGB1"	3
"692"	"HNF1A"	3
"693"	"HOPX"	3
"694"	"HOXC13"	3
"695"	"HSD3B1"	3
"696"	"HUWE1"	3
"697"	"IAPP"	3
"698"	"IARS"	3
"699"	"IDH2"	3
"700"	"IGFBP4"	3
"701"	"IGFBP5"	3
"702"	"IGFL1"	3
"703"	"IL10"	3
"704"	"IL1A"	3
"705"	"IL25"	3
"706"	"IL4R"	3
"707"	"IL7"	3
"708"	"ISG15"	3
"709"	"ITGA2"	3
"710"	"KDM6B"	3
"711"	"KIF11"	3
"712"	"KISS1"	3
"713"	"KITLG"	3
"714"	"KMT5A"	3
"715"	"LAMP2"	3
"716"	"LCN1"	3
"717"	"LCN2"	3
"718"	"LGALS1"	3
"719"	"LHX4"	3
"720"	"LIF"	3
"721"	"LMX1B"	3
"722"	"LRP1"	3
"723"	"LZTS1"	3
"724"	"MAMLD1"	3
"725"	"MAP1LC3A"	3
"726"	"MAP3K7"	3
"727"	"MAP4K4"	3
"728"	"MBD2"	3
"729"	"MCM7"	3
"730"	"MERTK"	3
"731"	"MICA"	3
"732"	"MITF"	3
"733"	"MKNK1"	3
"734"	"MMP10"	3
"735"	"MST1"	3
"736"	"MTA3"	3
"737"	"MTOR"	3
"738"	"MVP"	3
"739"	"MYLK3"	3
"740"	"NAA10"	3
"741"	"NAP1L4"	3
"742"	"NCKIPSD"	3
"743"	"NCOA4"	3
"744"	"NCOR2"	3
"745"	"NCR1"	3
"746"	"NCR3"	3
"747"	"NDUFA9"	3
"748"	"NFKB2"	3
"749"	"NOD2"	3
"750"	"NOS1"	3
"751"	"NPTX1"	3
"752"	"NR1I2"	3
"753"	"P2RX7"	3
"754"	"PAGR1"	3
"755"	"PBK"	3
"756"	"PDE4A"	3
"757"	"PDGFA"	3
"758"	"PDIA3"	3
"759"	"PDK4"	3
"760"	"PDPK1"	3
"761"	"PDZK1"	3
"762"	"PEA15"	3
"763"	"PFKM"	3
"764"	"PIK3C3"	3
"765"	"PIM2"	3
"766"	"PIP"	3
"767"	"PIP4K2A"	3
"768"	"PLGLB1"	3
"769"	"POSTN"	3
"770"	"PPFIBP2"	3
"771"	"PPP1R12A"	3
"772"	"PPP1R15A"	3
"773"	"PRDX2"	3
"774"	"PRKAB1"	3
"775"	"PROK1"	3
"776"	"PROK2"	3
"777"	"PRPF3"	3
"778"	"PSMB1"	3
"779"	"PSMB2"	3
"780"	"PSMB5"	3
"781"	"PSMD4"	3
"782"	"PTCH1"	3
"783"	"PTER"	3
"784"	"PTGDR"	3
"785"	"PTGES3"	3
"786"	"PTN"	3
"787"	"PTPRJ"	3
"788"	"RAB31"	3
"789"	"RACK1"	3
"790"	"RALBP1"	3
"791"	"RARRES2"	3
"792"	"RHAG"	3
"793"	"RHBDF1"	3
"794"	"RHBDF2"	3
"795"	"RNF216"	3
"796"	"ROCK2"	3
"797"	"RPLP1"	3
"798"	"RPP14"	3
"799"	"RPS18"	3
"800"	"RPS9"	3
"801"	"RXRG"	3
"802"	"S100A4"	3
"803"	"SDC2"	3
"804"	"SDHC"	3
"805"	"SETBP1"	3
"806"	"SFRP1"	3
"807"	"SFRP2"	3
"808"	"SLC16A3"	3
"809"	"SLC22A12"	3
"810"	"SLC22A6"	3
"811"	"SLC25A4"	3
"812"	"SLC2A12"	3
"813"	"SLC2A9"	3
"814"	"SLC38A5"	3
"815"	"SMAD1"	3
"816"	"SMN1"	3
"817"	"SPDEF"	3
"818"	"SQSTM1"	3
"819"	"SRA1"	3
"820"	"STAT6"	3
"821"	"STIP1"	3
"822"	"SULT2A1"	3
"823"	"TACSTD2"	3
"824"	"TAGLN"	3
"825"	"TBC1D1"	3
"826"	"TBC1D4"	3
"827"	"TBCE"	3
"828"	"TBK1"	3
"829"	"TCEA1"	3
"830"	"TDO2"	3
"831"	"TET3"	3
"832"	"TFDP3"	3
"833"	"TFF1"	3
"834"	"TGFBR2"	3
"835"	"TGM2"	3
"836"	"TIMP4"	3
"837"	"TNFAIP2"	3
"838"	"TNFRSF8"	3
"839"	"TRIM33"	3
"840"	"TRPC3"	3
"841"	"TSPYL2"	3
"842"	"TSTD1"	3
"843"	"TTF1"	3
"844"	"TYR"	3
"845"	"UBE2I"	3
"846"	"UBE2S"	3
"847"	"UGDH"	3
"848"	"UGT2A1"	3
"849"	"UGT2B17"	3
"850"	"UNG"	3
"851"	"USP14"	3
"852"	"VCP"	3
"853"	"VEGFB"	3
"854"	"WDR5"	3
"855"	"WNT16"	3
"856"	"XIRP1"	3
"857"	"YES1"	3
"858"	"ZBTB10"	3
"859"	"ZBTB4"	3
"860"	"AAGAB"	2
"861"	"ABCA1"	2
"862"	"ABCA3"	2
"863"	"ABCA4"	2
"864"	"ABCB1"	2
"865"	"ABCB5"	2
"866"	"ABCC2"	2
"867"	"ABCG1"	2
"868"	"ABCG5"	2
"869"	"ACHE"	2
"870"	"ACP5"	2
"871"	"ADA"	2
"872"	"ADAM10"	2
"873"	"ADCY1"	2
"874"	"ADH5"	2
"875"	"ADIPOR1"	2
"876"	"AFP"	2
"877"	"AHSA1"	2
"878"	"AIM2"	2
"879"	"AIMP2"	2
"880"	"AKR1B1"	2
"881"	"AKR1C1"	2
"882"	"AKR7A2"	2
"883"	"AKT2"	2
"884"	"AKT3"	2
"885"	"ALPL"	2
"886"	"ALPP"	2
"887"	"ANKRD6"	2
"888"	"ANXA1"	2
"889"	"ANXA5"	2
"890"	"APAF1"	2
"891"	"APBB1IP"	2
"892"	"APC"	2
"893"	"APOA1"	2
"894"	"APOB"	2
"895"	"APOE"	2
"896"	"APOL1"	2
"897"	"AR"	2
"898"	"ARAF"	2
"899"	"ARHGAP1"	2
"900"	"ARHGAP9"	2
"901"	"ARID5B"	2
"902"	"ASNS"	2
"903"	"ATAD5"	2
"904"	"ATG16L1"	2
"905"	"ATM"	2
"906"	"ATOX1"	2
"907"	"ATP2A2"	2
"908"	"ATP5IF1"	2
"909"	"ATR"	2
"910"	"BAK1"	2
"911"	"BANP"	2
"912"	"BCHE"	2
"913"	"BCL2L10"	2
"914"	"BCL2L14"	2
"915"	"BCL6"	2
"916"	"BEAN1"	2
"917"	"BGN"	2
"918"	"BNIP3L"	2
"919"	"BRF1"	2
"920"	"BRF2"	2
"921"	"BTC"	2
"922"	"BTG3"	2
"923"	"C1QTNF2"	2
"924"	"CA13"	2
"925"	"CA5A"	2
"926"	"CACUL1"	2
"927"	"CALCR"	2
"928"	"CALR"	2
"929"	"CANX"	2
"930"	"CAPN2"	2
"931"	"CASP14"	2
"932"	"CAT"	2
"933"	"CCAR2"	2
"934"	"CCL16"	2
"935"	"CCL26"	2
"936"	"CCL7"	2
"937"	"CCR2"	2
"938"	"CD163"	2
"939"	"CD1B"	2
"940"	"CD2"	2
"941"	"CD22"	2
"942"	"CD226"	2
"943"	"CD24"	2
"944"	"CD244"	2
"945"	"CD28"	2
"946"	"CD33"	2
"947"	"CD40"	2
"948"	"CD55"	2
"949"	"CD68"	2
"950"	"CD80"	2
"951"	"CD81"	2
"952"	"CDC25A"	2
"953"	"CDC25C"	2
"954"	"CDC27"	2
"955"	"CDC42"	2
"956"	"CDC5L"	2
"957"	"CDC7"	2
"958"	"CDCA2"	2
"959"	"CDH2"	2
"960"	"CDHR5"	2
"961"	"CDK1"	2
"962"	"CDK19"	2
"963"	"CDK2"	2
"964"	"CDK20"	2
"965"	"CDKN1A"	2
"966"	"CDKN2C"	2
"967"	"CDS1"	2
"968"	"CEBPZ"	2
"969"	"CERS2"	2
"970"	"CFHR1"	2
"971"	"CGB3"	2
"972"	"CGB5"	2
"973"	"CHL1"	2
"974"	"CHRM3"	2
"975"	"CLEC6A"	2
"976"	"CLEC7A"	2
"977"	"CLSPN"	2
"978"	"CLTA"	2
"979"	"CLU"	2
"980"	"CMKLR1"	2
"981"	"CNBP"	2
"982"	"COPS5"	2
"983"	"CPA1"	2
"984"	"CPD"	2
"985"	"CRLF2"	2
"986"	"CRTAP"	2
"987"	"CSF1"	2
"988"	"CSF1R"	2
"989"	"CSK"	2
"990"	"CST7"	2
"991"	"CST8"	2
"992"	"CTCF"	2
"993"	"CTNNA1"	2
"994"	"CTNND1"	2
"995"	"CTSK"	2
"996"	"CTTN"	2
"997"	"CXCL2"	2
"998"	"CXCL8"	2
"999"	"CXCL9"	2
"1000"	"CXCR4"	2
"1001"	"CXCR6"	2
"1002"	"CYB5A"	2
"1003"	"CYBB"	2
"1004"	"CYCS"	2
"1005"	"CYP1A2"	2
"1006"	"CYP1B1"	2
"1007"	"CYP2B6"	2
"1008"	"CYP2C19"	2
"1009"	"CYP3A4"	2
"1010"	"DAB2"	2
"1011"	"DAPK2"	2
"1012"	"DCAF6"	2
"1013"	"DCC"	2
"1014"	"DCK"	2
"1015"	"DCLK1"	2
"1016"	"DDAH2"	2
"1017"	"DDIT3"	2
"1018"	"DDIT4"	2
"1019"	"DDX5"	2
"1020"	"DIABLO"	2
"1021"	"DICER1"	2
"1022"	"DIO2"	2
"1023"	"DIRAS3"	2
"1024"	"DLL3"	2
"1025"	"DNA2"	2
"1026"	"DNAH8"	2
"1027"	"DNAH9"	2
"1028"	"DNAJB4"	2
"1029"	"DOT1L"	2
"1030"	"DUOX2"	2
"1031"	"DVL2"	2
"1032"	"DVL3"	2
"1033"	"DYM"	2
"1034"	"E2F8"	2
"1035"	"EGLN1"	2
"1036"	"EGLN2"	2
"1037"	"EGR1"	2
"1038"	"EIF2A"	2
"1039"	"EIF2AK2"	2
"1040"	"EIF3A"	2
"1041"	"ELF2"	2
"1042"	"ELN"	2
"1043"	"ENDOU"	2
"1044"	"EPCAM"	2
"1045"	"EPHA3"	2
"1046"	"EPHA4"	2
"1047"	"ERG"	2
"1048"	"ERP29"	2
"1049"	"FANCA"	2
"1050"	"FASN"	2
"1051"	"FCER1A"	2
"1052"	"FLNA"	2
"1053"	"FOSL1"	2
"1054"	"FSD1L"	2
"1055"	"FTO"	2
"1056"	"FUT4"	2
"1057"	"FZD6"	2
"1058"	"GABARAP"	2
"1059"	"GABARAPL1"	2
"1060"	"GABBR1"	2
"1061"	"GAK"	2
"1062"	"GANAB"	2
"1063"	"GAS1"	2
"1064"	"GATA6"	2
"1065"	"GCLC"	2
"1066"	"GDF15"	2
"1067"	"GFAP"	2
"1068"	"GGNBP2"	2
"1069"	"GGT1"	2
"1070"	"GH1"	2
"1071"	"GHRH"	2
"1072"	"GHRHR"	2
"1073"	"GIP"	2
"1074"	"GJB2"	2
"1075"	"GJB3"	2
"1076"	"GJB6"	2
"1077"	"GJC3"	2
"1078"	"GLUL"	2
"1079"	"GMNN"	2
"1080"	"GNAO1"	2
"1081"	"GPS2"	2
"1082"	"GPX1"	2
"1083"	"GRB10"	2
"1084"	"GRIP1"	2
"1085"	"GSE1"	2
"1086"	"GSN"	2
"1087"	"GSR"	2
"1088"	"GSTA2"	2
"1089"	"GSTP1"	2
"1090"	"GSX2"	2
"1091"	"GTF2H2"	2
"1092"	"GYPE"	2
"1093"	"GZMM"	2
"1094"	"H2AFX"	2
"1095"	"HAMP"	2
"1096"	"HAS2"	2
"1097"	"HAT1"	2
"1098"	"HBG1"	2
"1099"	"HCN1"	2
"1100"	"HCN2"	2
"1101"	"HDAC1"	2
"1102"	"HDAC2"	2
"1103"	"HDAC3"	2
"1104"	"HDAC5"	2
"1105"	"HDAC7"	2
"1106"	"HES1"	2
"1107"	"HES5"	2
"1108"	"HK2"	2
"1109"	"HLA-G"	2
"1110"	"HNF1B"	2
"1111"	"HNF4A"	2
"1112"	"HP"	2
"1113"	"HPF1"	2
"1114"	"HPRT1"	2
"1115"	"HPSE"	2
"1116"	"HRH1"	2
"1117"	"HRH2"	2
"1118"	"HSBP1"	2
"1119"	"HSD11B2"	2
"1120"	"HSD17B12"	2
"1121"	"HSD17B13"	2
"1122"	"HSF2"	2
"1123"	"HSP90B1"	2
"1124"	"HSPA1A"	2
"1125"	"HSPA9"	2
"1126"	"HSPB8"	2
"1127"	"HUNK"	2
"1128"	"IBSP"	2
"1129"	"ICMT"	2
"1130"	"IER3"	2
"1131"	"IFNG"	2
"1132"	"IFNGR1"	2
"1133"	"IGBP1"	2
"1134"	"IGF2R"	2
"1135"	"IGFBP1"	2
"1136"	"IGFBP6"	2
"1137"	"IKBKB"	2
"1138"	"IL12B"	2
"1139"	"IL12RB1"	2
"1140"	"IL23A"	2
"1141"	"IL2RG"	2
"1142"	"IL3"	2
"1143"	"ILF2"	2
"1144"	"INSR"	2
"1145"	"INVS"	2
"1146"	"IQGAP1"	2
"1147"	"IQGAP2"	2
"1148"	"IRAK1"	2
"1149"	"IRAK3"	2
"1150"	"IRF1"	2
"1151"	"IRF6"	2
"1152"	"IRF9"	2
"1153"	"ITGA4"	2
"1154"	"ITGAL"	2
"1155"	"ITGAM"	2
"1156"	"JAK3"	2
"1157"	"JARID2"	2
"1158"	"JUNB"	2
"1159"	"KAT2A"	2
"1160"	"KAT2B"	2
"1161"	"KAT5"	2
"1162"	"KCNH2"	2
"1163"	"KEAP1"	2
"1164"	"KIR2DL4"	2
"1165"	"KLK10"	2
"1166"	"KLK4"	2
"1167"	"KLK6"	2
"1168"	"KRT14"	2
"1169"	"KRT19"	2
"1170"	"KRT78"	2
"1171"	"KTN1"	2
"1172"	"LAMC1"	2
"1173"	"LATS1"	2
"1174"	"LBP"	2
"1175"	"LDHA"	2
"1176"	"LDHB"	2
"1177"	"LGR5"	2
"1178"	"LILRB1"	2
"1179"	"LIN28A"	2
"1180"	"LIN28B"	2
"1181"	"LIPE"	2
"1182"	"LPA"	2
"1183"	"LPL"	2
"1184"	"LRP5"	2
"1185"	"LTB"	2
"1186"	"MAF"	2
"1187"	"MAML1"	2
"1188"	"MAOA"	2
"1189"	"MAP1LC3B2"	2
"1190"	"MAP2"	2
"1191"	"MAP2K1"	2
"1192"	"MAP3K11"	2
"1193"	"MAP3K12"	2
"1194"	"MAPK10"	2
"1195"	"MAPK12"	2
"1196"	"MARCKSL1"	2
"1197"	"MC3R"	2
"1198"	"MC5R"	2
"1199"	"MCL1"	2
"1200"	"MCM4"	2
"1201"	"MCU"	2
"1202"	"MDM4"	2
"1203"	"ME2"	2
"1204"	"MECP2"	2
"1205"	"MED27"	2
"1206"	"MGAT3"	2
"1207"	"MGST1"	2
"1208"	"MMP12"	2
"1209"	"MMP16"	2
"1210"	"MMP3"	2
"1211"	"MMP9"	2
"1212"	"MPHOSPH9"	2
"1213"	"MPO"	2
"1214"	"MPST"	2
"1215"	"MRE11"	2
"1216"	"MRO"	2
"1217"	"MS4A1"	2
"1218"	"MSI1"	2
"1219"	"MSN"	2
"1220"	"MT1X"	2
"1221"	"MT3"	2
"1222"	"MTRNR2L3"	2
"1223"	"MTRNR2L4"	2
"1224"	"MTX1"	2
"1225"	"MUC2"	2
"1226"	"MUC5B"	2
"1227"	"MUL1"	2
"1228"	"MYBL1"	2
"1229"	"MYC"	2
"1230"	"MYH6"	2
"1231"	"MYL3"	2
"1232"	"NAMPT"	2
"1233"	"NAT2"	2
"1234"	"NCAM1"	2
"1235"	"NCOA2"	2
"1236"	"NCR2"	2
"1237"	"NDUFA13"	2
"1238"	"NEDD4"	2
"1239"	"NEDD8"	2
"1240"	"NEDD9"	2
"1241"	"NFATC3"	2
"1242"	"NLRC4"	2
"1243"	"NMUR1"	2
"1244"	"NNMT"	2
"1245"	"NOMO1"	2
"1246"	"NOTCH1"	2
"1247"	"NPC1L1"	2
"1248"	"NPPB"	2
"1249"	"NR1H4"	2
"1250"	"NR2F6"	2
"1251"	"NR3C1"	2
"1252"	"NT5C2"	2
"1253"	"NTRK1"	2
"1254"	"NUDC"	2
"1255"	"NUMA1"	2
"1256"	"NUMB"	2
"1257"	"OGT"	2
"1258"	"OLR1"	2
"1259"	"ONECUT1"	2
"1260"	"OSCP1"	2
"1261"	"OSM"	2
"1262"	"P2RX2"	2
"1263"	"P2RY2"	2
"1264"	"PADI1"	2
"1265"	"PARG"	2
"1266"	"PARP2"	2
"1267"	"PAX3"	2
"1268"	"PC"	2
"1269"	"PCGF2"	2
"1270"	"PCNA"	2
"1271"	"PCSK2"	2
"1272"	"PDCD2"	2
"1273"	"PDCD6IP"	2
"1274"	"PDE10A"	2
"1275"	"PDE3B"	2
"1276"	"PDE8A"	2
"1277"	"PDGFRB"	2
"1278"	"PDIA6"	2
"1279"	"PDLIM5"	2
"1280"	"PDP1"	2
"1281"	"PDSS1"	2
"1282"	"PDZD3"	2
"1283"	"PGAM1"	2
"1284"	"PGR"	2
"1285"	"PGRMC1"	2
"1286"	"PHLPP1"	2
"1287"	"PI3"	2
"1288"	"PI4KA"	2
"1289"	"PIKFYVE"	2
"1290"	"PKD2"	2
"1291"	"PKLR"	2
"1292"	"PKM"	2
"1293"	"PLA2G2D"	2
"1294"	"PLA2G6"	2
"1295"	"PLAC8"	2
"1296"	"PLD2"	2
"1297"	"PLK2"	2
"1298"	"PLOD3"	2
"1299"	"PLSCR1"	2
"1300"	"PML"	2
"1301"	"PNMA2"	2
"1302"	"PNMA6A"	2
"1303"	"PNRC1"	2
"1304"	"POU2F2"	2
"1305"	"PPARA"	2
"1306"	"PPARG"	2
"1307"	"PRC1"	2
"1308"	"PRDX3"	2
"1309"	"PRDX4"	2
"1310"	"PRDX6"	2
"1311"	"PRIMA1"	2
"1312"	"PRKAA1"	2
"1313"	"PRKCA"	2
"1314"	"PRKCD"	2
"1315"	"PRKD1"	2
"1316"	"PRKDC"	2
"1317"	"PRKG1"	2
"1318"	"PRMT1"	2
"1319"	"PRMT2"	2
"1320"	"PRODH"	2
"1321"	"PROM1"	2
"1322"	"PROP1"	2
"1323"	"PRRC2A"	2
"1324"	"PRSS50"	2
"1325"	"PRX"	2
"1326"	"PTAFR"	2
"1327"	"PTBP1"	2
"1328"	"PTGDS"	2
"1329"	"PTH1R"	2
"1330"	"PTK2B"	2
"1331"	"PTPN11"	2
"1332"	"PTPN13"	2
"1333"	"PTPN6"	2
"1334"	"PYCARD"	2
"1335"	"RAC1"	2
"1336"	"RAD17"	2
"1337"	"RAF1"	2
"1338"	"RASA1"	2
"1339"	"RBFOX1"	2
"1340"	"RECQL4"	2
"1341"	"REG1B"	2
"1342"	"REXO1"	2
"1343"	"RHD"	2
"1344"	"RHEB"	2
"1345"	"RHOA"	2
"1346"	"RIF1"	2
"1347"	"RIPK2"	2
"1348"	"RNASE3"	2
"1349"	"RNF112"	2
"1350"	"RNF139"	2
"1351"	"RNF17"	2
"1352"	"RNPEP"	2
"1353"	"RPA2"	2
"1354"	"RPL36"	2
"1355"	"RPN2"	2
"1356"	"RPS6KA1"	2
"1357"	"RPS6KA3"	2
"1358"	"RPS6KA5"	2
"1359"	"RPSA"	2
"1360"	"RRM2"	2
"1361"	"RTKN"	2
"1362"	"RXRA"	2
"1363"	"RYR1"	2
"1364"	"S100A2"	2
"1365"	"S1PR2"	2
"1366"	"S1PR5"	2
"1367"	"SARDH"	2
"1368"	"SATB1"	2
"1369"	"SCD"	2
"1370"	"SCGB1A1"	2
"1371"	"SCN4A"	2
"1372"	"SCO2"	2
"1373"	"SDHB"	2
"1374"	"SEC23IP"	2
"1375"	"SELL"	2
"1376"	"SEMA3E"	2
"1377"	"SERPINA1"	2
"1378"	"SF1"	2
"1379"	"SFN"	2
"1380"	"SFRP5"	2
"1381"	"SFTPA1"	2
"1382"	"SFTPA2"	2
"1383"	"SGCB"	2
"1384"	"SGPL1"	2
"1385"	"SH2D1A"	2
"1386"	"SH3BP4"	2
"1387"	"SHARPIN"	2
"1388"	"SHBG"	2
"1389"	"SIRT2"	2
"1390"	"SIRT3"	2
"1391"	"SIRT6"	2
"1392"	"SKAP2"	2
"1393"	"SKIL"	2
"1394"	"SKP2"	2
"1395"	"SLAMF7"	2
"1396"	"SLC12A4"	2
"1397"	"SLC27A3"	2
"1398"	"SLC29A1"	2
"1399"	"SLC2A2"	2
"1400"	"SLC2A3"	2
"1401"	"SLC39A7"	2
"1402"	"SLC7A1"	2
"1403"	"SLC7A11"	2
"1404"	"SLC9A1"	2
"1405"	"SLCO1A2"	2
"1406"	"SLCO1B3"	2
"1407"	"SLCO2B1"	2
"1408"	"SLIT2"	2
"1409"	"SLPI"	2
"1410"	"SMAD2"	2
"1411"	"SMAD3"	2
"1412"	"SMAD5"	2
"1413"	"SMAD7"	2
"1414"	"SMARCA2"	2
"1415"	"SMARCA4"	2
"1416"	"SMG1"	2
"1417"	"SMPD1"	2
"1418"	"SMPD3"	2
"1419"	"SOCS1"	2
"1420"	"SOCS3"	2
"1421"	"SOD2"	2
"1422"	"SOX10"	2
"1423"	"SOX6"	2
"1424"	"SPARC"	2
"1425"	"SPHK1"	2
"1426"	"SPTLC1"	2
"1427"	"SRD5A1"	2
"1428"	"SRD5A2"	2
"1429"	"SRI"	2
"1430"	"ST6GALNAC5"	2
"1431"	"STAB2"	2
"1432"	"STAT1"	2
"1433"	"STAT3"	2
"1434"	"STAT5A"	2
"1435"	"STAT5B"	2
"1436"	"STEAP4"	2
"1437"	"STH"	2
"1438"	"STIL"	2
"1439"	"STIM2"	2
"1440"	"STX1A"	2
"1441"	"SULT1A2"	2
"1442"	"TAAR9"	2
"1443"	"TAF1"	2
"1444"	"TAF2"	2
"1445"	"TBPL2"	2
"1446"	"TCF7"	2
"1447"	"TERF2"	2
"1448"	"TFDP1"	2
"1449"	"TFEB"	2
"1450"	"TGFB3"	2
"1451"	"TGFBI"	2
"1452"	"TGM1"	2
"1453"	"THBD"	2
"1454"	"TMCC1"	2
"1455"	"TMED2"	2
"1456"	"TMEM158"	2
"1457"	"TMSB4X"	2
"1458"	"TNFRSF10B"	2
"1459"	"TNFRSF1B"	2
"1460"	"TNFRSF21"	2
"1461"	"TNFRSF6B"	2
"1462"	"TNFSF10"	2
"1463"	"TNFSF11"	2
"1464"	"TNFSF15"	2
"1465"	"TNNI3"	2
"1466"	"TOP1"	2
"1467"	"TP53"	2
"1468"	"TP53BP2"	2
"1469"	"TPM4"	2
"1470"	"TPT1"	2
"1471"	"TRAF4"	2
"1472"	"TRAF6"	2
"1473"	"TRAF7"	2
"1474"	"TRAP1"	2
"1475"	"TRPA1"	2
"1476"	"TRPC4"	2
"1477"	"TRPC5"	2
"1478"	"TRPC6"	2
"1479"	"TRPC7"	2
"1480"	"TRPM2"	2
"1481"	"TRPM3"	2
"1482"	"TRPV3"	2
"1483"	"TSHR"	2
"1484"	"TTF2"	2
"1485"	"TUBB4A"	2
"1486"	"TWNK"	2
"1487"	"TWSG1"	2
"1488"	"TXK"	2
"1489"	"TXNIP"	2
"1490"	"TYMP"	2
"1491"	"UBE2M"	2
"1492"	"UCHL3"	2
"1493"	"UCK2"	2
"1494"	"UCN"	2
"1495"	"UFD1"	2
"1496"	"UGT1A"	2
"1497"	"UGT2B4"	2
"1498"	"ULBP1"	2
"1499"	"ULBP2"	2
"1500"	"UNC5B"	2
"1501"	"UPK2"	2
"1502"	"UROD"	2
"1503"	"USP2"	2
"1504"	"USP5"	2
"1505"	"USP8"	2
"1506"	"VCAM1"	2
"1507"	"VEGFA"	2
"1508"	"VEGFC"	2
"1509"	"VEGFD"	2
"1510"	"VIP"	2
"1511"	"VIT"	2
"1512"	"VSIG2"	2
"1513"	"VWF"	2
"1514"	"WDHD1"	2
"1515"	"WNK1"	2
"1516"	"WNT2B"	2
"1517"	"WNT3"	2
"1518"	"WNT3A"	2
"1519"	"WNT7A"	2
"1520"	"WT1"	2
"1521"	"WWTR1"	2
"1522"	"XPNPEP1"	2
"1523"	"XRCC1"	2
"1524"	"XYLT2"	2
"1525"	"YME1L1"	2
"1526"	"ZFX"	2
"1527"	"ZHX2"	2
"1528"	"ZNF135"	2
"1529"	"ZNF165"	2
"1530"	"A2M"	1
"1531"	"A4GALT"	1
"1532"	"ABCA2"	1
"1533"	"ABCC4"	1
"1534"	"ABCE1"	1
"1535"	"ABCF2"	1
"1536"	"ABCG2"	1
"1537"	"ABL1"	1
"1538"	"ACAA1"	1
"1539"	"ACACA"	1
"1540"	"ACAN"	1
"1541"	"ACD"	1
"1542"	"ACE"	1
"1543"	"ACKR1"	1
"1544"	"ACKR3"	1
"1545"	"ACO1"	1
"1546"	"ACOD1"	1
"1547"	"ACOX1"	1
"1548"	"ACP2"	1
"1549"	"ACSS2"	1
"1550"	"ACTA2"	1
"1551"	"ACTB"	1
"1552"	"ACTN4"	1
"1553"	"ACVR1"	1
"1554"	"ACVR1B"	1
"1555"	"ACYP2"	1
"1556"	"ADA2"	1
"1557"	"ADAMTS1"	1
"1558"	"ADAMTS15"	1
"1559"	"ADAMTS5"	1
"1560"	"ADAMTS8"	1
"1561"	"ADAMTS9"	1
"1562"	"ADCY4"	1
"1563"	"ADCYAP1"	1
"1564"	"ADGRB1"	1
"1565"	"ADGRL3"	1
"1566"	"ADH4"	1
"1567"	"ADIPOQ"	1
"1568"	"ADIPOR2"	1
"1569"	"ADK"	1
"1570"	"ADM"	1
"1571"	"ADRA1B"	1
"1572"	"ADRA2A"	1
"1573"	"AFF1"	1
"1574"	"AFM"	1
"1575"	"AGER"	1
"1576"	"AGR2"	1
"1577"	"AGTR1"	1
"1578"	"AHCY"	1
"1579"	"AHR"	1
"1580"	"AHRR"	1
"1581"	"AIF1"	1
"1582"	"AIFM1"	1
"1583"	"AIMP1"	1
"1584"	"AK5"	1
"1585"	"AKR1A1"	1
"1586"	"AKR1B10"	1
"1587"	"AKT1"	1
"1588"	"AKTIP"	1
"1589"	"ALB"	1
"1590"	"ALCAM"	1
"1591"	"ALDH1A2"	1
"1592"	"ALDH1L1"	1
"1593"	"ALDH2"	1
"1594"	"ALDH3B1"	1
"1595"	"ALDOC"	1
"1596"	"ALK"	1
"1597"	"ALKBH1"	1
"1598"	"ALOX12"	1
"1599"	"ALOX12B"	1
"1600"	"ALOX15"	1
"1601"	"ALOX5"	1
"1602"	"ALPI"	1
"1603"	"AMBP"	1
"1604"	"AMD1"	1
"1605"	"AMFR"	1
"1606"	"ANG"	1
"1607"	"ANGPT1"	1
"1608"	"ANGPTL4"	1
"1609"	"ANP32B"	1
"1610"	"ANTXR2"	1
"1611"	"ANXA2"	1
"1612"	"ANXA4"	1
"1613"	"ANXA6"	1
"1614"	"APEX1"	1
"1615"	"APOH"	1
"1616"	"APOM"	1
"1617"	"AREG"	1
"1618"	"ARF1"	1
"1619"	"ARG1"	1
"1620"	"ARG2"	1
"1621"	"ARHGEF2"	1
"1622"	"ARHGEF5"	1
"1623"	"ARID4A"	1
"1624"	"ARL6IP5"	1
"1625"	"ARNT"	1
"1626"	"ARNT2"	1
"1627"	"ARRB2"	1
"1628"	"ARSK"	1
"1629"	"ARTN"	1
"1630"	"ARX"	1
"1631"	"ASCL2"	1
"1632"	"ASL"	1
"1633"	"ASPRV1"	1
"1634"	"ASRGL1"	1
"1635"	"ATF1"	1
"1636"	"ATF2"	1
"1637"	"ATF3"	1
"1638"	"ATF6"	1
"1639"	"ATG12"	1
"1640"	"ATG2B"	1
"1641"	"ATG3"	1
"1642"	"ATIC"	1
"1643"	"ATL1"	1
"1644"	"ATN1"	1
"1645"	"ATP6V0B"	1
"1646"	"AURKA"	1
"1647"	"AVEN"	1
"1648"	"AXL"	1
"1649"	"B3GNT2"	1
"1650"	"B4GAT1"	1
"1651"	"BACE1"	1
"1652"	"BACH1"	1
"1653"	"BACH2"	1
"1654"	"BAG3"	1
"1655"	"BAG6"	1
"1656"	"BANF1"	1
"1657"	"BASP1"	1
"1658"	"BATF2"	1
"1659"	"BAX"	1
"1660"	"BCL10"	1
"1661"	"BCL2"	1
"1662"	"BCL2L1"	1
"1663"	"BCL2L11"	1
"1664"	"BCL2L12"	1
"1665"	"BCL2L2"	1
"1666"	"BCL3"	1
"1667"	"BCL9"	1
"1668"	"BDKRB1"	1
"1669"	"BDKRB2"	1
"1670"	"BDNF"	1
"1671"	"BECN1"	1
"1672"	"BEND3"	1
"1673"	"BEX3"	1
"1674"	"BEX4"	1
"1675"	"BGLAP"	1
"1676"	"BID"	1
"1677"	"BIK"	1
"1678"	"BIN1"	1
"1679"	"BIRC3"	1
"1680"	"BIRC6"	1
"1681"	"BLK"	1
"1682"	"BLVRA"	1
"1683"	"BMF"	1
"1684"	"BMI1"	1
"1685"	"BMP2"	1
"1686"	"BMP5"	1
"1687"	"BMP6"	1
"1688"	"BMP7"	1
"1689"	"BMPR2"	1
"1690"	"BMX"	1
"1691"	"BOC"	1
"1692"	"BOK"	1
"1693"	"BRAF"	1
"1694"	"BRCA1"	1
"1695"	"BRCA2"	1
"1696"	"BRD2"	1
"1697"	"BRMS1L"	1
"1698"	"BRS3"	1
"1699"	"BSG"	1
"1700"	"BUD31"	1
"1701"	"C10orf90"	1
"1702"	"C12orf57"	1
"1703"	"C12orf75"	1
"1704"	"C1QBP"	1
"1705"	"C7orf57"	1
"1706"	"C9orf3"	1
"1707"	"CA1"	1
"1708"	"CA3"	1
"1709"	"CA9"	1
"1710"	"CACNA1A"	1
"1711"	"CADM2"	1
"1712"	"CALCA"	1
"1713"	"CAMK2G"	1
"1714"	"CAPG"	1
"1715"	"CAPNS1"	1
"1716"	"CARD6"	1
"1717"	"CASP1"	1
"1718"	"CASP2"	1
"1719"	"CASP3"	1
"1720"	"CASP6"	1
"1721"	"CASP7"	1
"1722"	"CASP8"	1
"1723"	"CASP9"	1
"1724"	"CASZ1"	1
"1725"	"CAV3"	1
"1726"	"CAVIN2"	1
"1727"	"CBL"	1
"1728"	"CBR1"	1
"1729"	"CBR3"	1
"1730"	"CCK"	1
"1731"	"CCKBR"	1
"1732"	"CCL1"	1
"1733"	"CCL11"	1
"1734"	"CCL13"	1
"1735"	"CCL2"	1
"1736"	"CCL20"	1
"1737"	"CCL21"	1
"1738"	"CCL23"	1
"1739"	"CCNA1"	1
"1740"	"CCNA2"	1
"1741"	"CCNB1"	1
"1742"	"CCNB2"	1
"1743"	"CCND3"	1
"1744"	"CCNE1"	1
"1745"	"CCNE2"	1
"1746"	"CCNG1"	1
"1747"	"CCNK"	1
"1748"	"CCNT1"	1
"1749"	"CCPG1"	1
"1750"	"CCR4"	1
"1751"	"CCR5"	1
"1752"	"CCR7"	1
"1753"	"CCT2"	1
"1754"	"CD14"	1
"1755"	"CD177"	1
"1756"	"CD19"	1
"1757"	"CD1C"	1
"1758"	"CD200"	1
"1759"	"CD248"	1
"1760"	"CD27"	1
"1761"	"CD274"	1
"1762"	"CD34"	1
"1763"	"CD36"	1
"1764"	"CD4"	1
"1765"	"CD44"	1
"1766"	"CD46"	1
"1767"	"CD5"	1
"1768"	"CD58"	1
"1769"	"CD69"	1
"1770"	"CD74"	1
"1771"	"CD82"	1
"1772"	"CD83"	1
"1773"	"CD86"	1
"1774"	"CD9"	1
"1775"	"CDC20"	1
"1776"	"CDCA5"	1
"1777"	"CDCA8"	1
"1778"	"CDH1"	1
"1779"	"CDH3"	1
"1780"	"CDH4"	1
"1781"	"CDH5"	1
"1782"	"CDK14"	1
"1783"	"CDK4"	1
"1784"	"CDK5R1"	1
"1785"	"CDK5RAP1"	1
"1786"	"CDK6"	1
"1787"	"CDK7"	1
"1788"	"CDK8"	1
"1789"	"CDK9"	1
"1790"	"CDKL1"	1
"1791"	"CDKN1C"	1
"1792"	"CDKN2A"	1
"1793"	"CDKN2B"	1
"1794"	"CDKN3"	1
"1795"	"CEACAM1"	1
"1796"	"CEACAM3"	1
"1797"	"CEBPB"	1
"1798"	"CELF2"	1
"1799"	"CELF3"	1
"1800"	"CENPJ"	1
"1801"	"CENPV"	1
"1802"	"CERS1"	1
"1803"	"CERS3"	1
"1804"	"CERS6"	1
"1805"	"CES1"	1
"1806"	"CFLAR"	1
"1807"	"CFTR"	1
"1808"	"CGREF1"	1
"1809"	"CHAC1"	1
"1810"	"CHD5"	1
"1811"	"CHEK1"	1
"1812"	"CHGA"	1
"1813"	"CHI3L1"	1
"1814"	"CHMP1A"	1
"1815"	"CHRNA7"	1
"1816"	"CHST5"	1
"1817"	"CHST6"	1
"1818"	"CHST7"	1
"1819"	"CHSY3"	1
"1820"	"CIAPIN1"	1
"1821"	"CIRBP"	1
"1822"	"CITED2"	1
"1823"	"CIZ1"	1
"1824"	"CLDN12"	1
"1825"	"CLDN3"	1
"1826"	"CLDN6"	1
"1827"	"CLDN7"	1
"1828"	"CLEC4D"	1
"1829"	"CNMD"	1
"1830"	"CNR1"	1
"1831"	"CNR2"	1
"1832"	"CNTF"	1
"1833"	"COL10A1"	1
"1834"	"COL18A1"	1
"1835"	"COL1A2"	1
"1836"	"COL2A1"	1
"1837"	"COL4A1"	1
"1838"	"COL5A1"	1
"1839"	"COL6A1"	1
"1840"	"COMT"	1
"1841"	"COPS6"	1
"1842"	"COX4I1"	1
"1843"	"COX5B"	1
"1844"	"CP"	1
"1845"	"CPB1"	1
"1846"	"CPE"	1
"1847"	"CPT1A"	1
"1848"	"CPT1B"	1
"1849"	"CPTP"	1
"1850"	"CRABP1"	1
"1851"	"CRABP2"	1
"1852"	"CRADD"	1
"1853"	"CREB1"	1
"1854"	"CREBBP"	1
"1855"	"CREM"	1
"1856"	"CRH"	1
"1857"	"CRKL"	1
"1858"	"CRP"	1
"1859"	"CRYAB"	1
"1860"	"CRYBG1"	1
"1861"	"CS"	1
"1862"	"CSF2"	1
"1863"	"CSH1"	1
"1864"	"CSH2"	1
"1865"	"CSN1S1"	1
"1866"	"CSNK1A1"	1
"1867"	"CTAG1A"	1
"1868"	"CTBS"	1
"1869"	"CTGF"	1
"1870"	"CTLA4"	1
"1871"	"CTNNB1"	1
"1872"	"CTSB"	1
"1873"	"CTSD"	1
"1874"	"CTSG"	1
"1875"	"CUL2"	1
"1876"	"CUL4A"	1
"1877"	"CX3CR1"	1
"1878"	"CXCL1"	1
"1879"	"CXCL11"	1
"1880"	"CXCL12"	1
"1881"	"CXCR3"	1
"1882"	"CXCR5"	1
"1883"	"CYB5R2"	1
"1884"	"CYB5R3"	1
"1885"	"CYBA"	1
"1886"	"CYP11A1"	1
"1887"	"CYP11B2"	1
"1888"	"CYP19A1"	1
"1889"	"CYP1A1"	1
"1890"	"CYP24A1"	1
"1891"	"CYP26A1"	1
"1892"	"CYP27B1"	1
"1893"	"CYP2C9"	1
"1894"	"CYP2E1"	1
"1895"	"CYP2F1"	1
"1896"	"CYP2J2"	1
"1897"	"CYP4X1"	1
"1898"	"CYSLTR1"	1
"1899"	"CYTH3"	1
"1900"	"DAAM1"	1
"1901"	"DACT2"	1
"1902"	"DAP"	1
"1903"	"DAXX"	1
"1904"	"DBT"	1
"1905"	"DCP2"	1
"1906"	"DCPS"	1
"1907"	"DDAH1"	1
"1908"	"DDB2"	1
"1909"	"DDR2"	1
"1910"	"DDX39A"	1
"1911"	"DDX3X"	1
"1912"	"DEDD2"	1
"1913"	"DEFB1"	1
"1914"	"DEFB103B"	1
"1915"	"DEFB4A"	1
"1916"	"DEGS1"	1
"1917"	"DENND4A"	1
"1918"	"DEPTOR"	1
"1919"	"DERL1"	1
"1920"	"DFFB"	1
"1921"	"DHH"	1
"1922"	"DHODH"	1
"1923"	"DIO3"	1
"1924"	"DKC1"	1
"1925"	"DKK1"	1
"1926"	"DLEC1"	1
"1927"	"DLGAP5"	1
"1928"	"DMBT1"	1
"1929"	"DNAJC2"	1
"1930"	"DNER"	1
"1931"	"DNLZ"	1
"1932"	"DNM1L"	1
"1933"	"DNM2"	1
"1934"	"DNM3"	1
"1935"	"DNMT1"	1
"1936"	"DNMT3A"	1
"1937"	"DNMT3B"	1
"1938"	"DNTT"	1
"1939"	"DOCK6"	1
"1940"	"DPH1"	1
"1941"	"DPYD"	1
"1942"	"DPYS"	1
"1943"	"DPYSL3"	1
"1944"	"DRD2"	1
"1945"	"DRG1"	1
"1946"	"DSG2"	1
"1947"	"DST"	1
"1948"	"DUOX1"	1
"1949"	"DUSP1"	1
"1950"	"DUSP2"	1
"1951"	"DUSP22"	1
"1952"	"DUSP4"	1
"1953"	"DUSP5"	1
"1954"	"DUSP6"	1
"1955"	"DUSP7"	1
"1956"	"DVL1"	1
"1957"	"DYNLL1"	1
"1958"	"DYRK1B"	1
"1959"	"E2F1"	1
"1960"	"E2F2"	1
"1961"	"E2F3"	1
"1962"	"E2F4"	1
"1963"	"E2F6"	1
"1964"	"EDEM1"	1
"1965"	"EDN2"	1
"1966"	"EDN3"	1
"1967"	"EEA1"	1
"1968"	"EGF"	1
"1969"	"EGFR"	1
"1970"	"EID1"	1
"1971"	"EIF2AK1"	1
"1972"	"EIF2AK3"	1
"1973"	"EIF2S1"	1
"1974"	"EIF2S3"	1
"1975"	"EIF3I"	1
"1976"	"EIF4A1"	1
"1977"	"EIF4B"	1
"1978"	"EIF4E"	1
"1979"	"EIF4EBP1"	1
"1980"	"EIPR1"	1
"1981"	"ELANE"	1
"1982"	"ELAVL1"	1
"1983"	"ELF3"	1
"1984"	"ELF4"	1
"1985"	"ELK1"	1
"1986"	"ELOB"	1
"1987"	"ELOVL6"	1
"1988"	"ELP4"	1
"1989"	"ENG"	1
"1990"	"ENHO"	1
"1991"	"ENO2"	1
"1992"	"ENO3"	1
"1993"	"ENOX2"	1
"1994"	"ENPEP"	1
"1995"	"ENPP3"	1
"1996"	"EP300"	1
"1997"	"EPB41"	1
"1998"	"EPC1"	1
"1999"	"EPHA2"	1
"2000"	"EPHB3"	1
"2001"	"EPHX2"	1
"2002"	"EPO"	1
"2003"	"EPOR"	1
"2004"	"EPS8"	1
"2005"	"ERAS"	1
"2006"	"ERBB3"	1
"2007"	"ERBB4"	1
"2008"	"ERCC1"	1
"2009"	"ERCC3"	1
"2010"	"ERCC5"	1
"2011"	"ERCC6L"	1
"2012"	"EREG"	1
"2013"	"ERN1"	1
"2014"	"ERO1A"	1
"2015"	"ERVW-1"	1
"2016"	"ESR1"	1
"2017"	"ESR2"	1
"2018"	"ETS2"	1
"2019"	"ETV1"	1
"2020"	"ETV3"	1
"2021"	"EVA1C"	1
"2022"	"EXOSC6"	1
"2023"	"EXOSC8"	1
"2024"	"EZR"	1
"2025"	"F2R"	1
"2026"	"F2RL1"	1
"2027"	"F2RL3"	1
"2028"	"F3"	1
"2029"	"FABP4"	1
"2030"	"FABP7"	1
"2031"	"FADD"	1
"2032"	"FAH"	1
"2033"	"FAM111B"	1
"2034"	"FAM72B"	1
"2035"	"FANCD2"	1
"2036"	"FANCF"	1
"2037"	"FAP"	1
"2038"	"FAS"	1
"2039"	"FASLG"	1
"2040"	"FAU"	1
"2041"	"FBP1"	1
"2042"	"FBRS"	1
"2043"	"FBXW7"	1
"2044"	"FCER2"	1
"2045"	"FCGR1A"	1
"2046"	"FCGR3B"	1
"2047"	"FDFT1"	1
"2048"	"FEN1"	1
"2049"	"FERMT1"	1
"2050"	"FFAR2"	1
"2051"	"FFAR3"	1
"2052"	"FFAR4"	1
"2053"	"FGF1"	1
"2054"	"FGF18"	1
"2055"	"FGF2"	1
"2056"	"FGF23"	1
"2057"	"FGF4"	1
"2058"	"FGF5"	1
"2059"	"FGF9"	1
"2060"	"FGFR1"	1
"2061"	"FGFR2"	1
"2062"	"FGFR3"	1
"2063"	"FGFR4"	1
"2064"	"FKBP1A"	1
"2065"	"FKBP1B"	1
"2066"	"FKBP4"	1
"2067"	"FKBP8"	1
"2068"	"FLI1"	1
"2069"	"FLT1"	1
"2070"	"FLT4"	1
"2071"	"FMN1"	1
"2072"	"FMO1"	1
"2073"	"FMO3"	1
"2074"	"FMO4"	1
"2075"	"FMO5"	1
"2076"	"FN1"	1
"2077"	"FOLR1"	1
"2078"	"FOXA1"	1
"2079"	"FOXA2"	1
"2080"	"FOXD3"	1
"2081"	"FOXM1"	1
"2082"	"FOXO1"	1
"2083"	"FOXO3"	1
"2084"	"FOXP1"	1
"2085"	"FOXP3"	1
"2086"	"FPGS"	1
"2087"	"FPR2"	1
"2088"	"FRK"	1
"2089"	"FRS2"	1
"2090"	"FSCN1"	1
"2091"	"FSHR"	1
"2092"	"FTH1"	1
"2093"	"FUBP1"	1
"2094"	"FZD1"	1
"2095"	"FZD3"	1
"2096"	"FZD7"	1
"2097"	"G6PC"	1
"2098"	"G6PC2"	1
"2099"	"G6PD"	1
"2100"	"GADD45A"	1
"2101"	"GADD45G"	1
"2102"	"GAL3ST1"	1
"2103"	"GAP43"	1
"2104"	"GAPDH"	1
"2105"	"GAS6"	1
"2106"	"GAST"	1
"2107"	"GC"	1
"2108"	"GCLM"	1
"2109"	"GCNT1"	1
"2110"	"GCNT3"	1
"2111"	"GDF10"	1
"2112"	"GDF2"	1
"2113"	"GDNF"	1
"2114"	"GFM1"	1
"2115"	"GHRL"	1
"2116"	"GHSR"	1
"2117"	"GJA1"	1
"2118"	"GJA4"	1
"2119"	"GJB1"	1
"2120"	"GLA"	1
"2121"	"GLI1"	1
"2122"	"GLI2"	1
"2123"	"GLI3"	1
"2124"	"GLIPR1"	1
"2125"	"GLO1"	1
"2126"	"GLP1R"	1
"2127"	"GNRH1"	1
"2128"	"GNRH2"	1
"2129"	"GNRHR"	1
"2130"	"GOLGA1"	1
"2131"	"GOLGA4"	1
"2132"	"GOSR1"	1
"2133"	"GOT1"	1
"2134"	"GP6"	1
"2135"	"GP9"	1
"2136"	"GPER1"	1
"2137"	"GPR176"	1
"2138"	"GPR182"	1
"2139"	"GPR55"	1
"2140"	"GPR68"	1
"2141"	"GPR78"	1
"2142"	"GPT"	1
"2143"	"GPT2"	1
"2144"	"GPX2"	1
"2145"	"GRB14"	1
"2146"	"GRB2"	1
"2147"	"GRB7"	1
"2148"	"GREB1"	1
"2149"	"GRIN1"	1
"2150"	"GRK2"	1
"2151"	"GRP"	1
"2152"	"GSK3A"	1
"2153"	"GSS"	1
"2154"	"GSTA3"	1
"2155"	"GSTK1"	1
"2156"	"GSTM1"	1
"2157"	"GSTM2"	1
"2158"	"GSTM3"	1
"2159"	"GSTM5"	1
"2160"	"GSTO2"	1
"2161"	"GSTT2"	1
"2162"	"GTF2I"	1
"2163"	"GYPB"	1
"2164"	"GZMA"	1
"2165"	"GZMB"	1
"2166"	"H3F3C"	1
"2167"	"HADHB"	1
"2168"	"HAL"	1
"2169"	"HASPIN"	1
"2170"	"HBG2"	1
"2171"	"HBP1"	1
"2172"	"HCAR1"	1
"2173"	"HCCS"	1
"2174"	"HCK"	1
"2175"	"HDAC4"	1
"2176"	"HDAC6"	1
"2177"	"HDAC8"	1
"2178"	"HDAC9"	1
"2179"	"HDC"	1
"2180"	"HEATR6"	1
"2181"	"HELLS"	1
"2182"	"HES6"	1
"2183"	"HESX1"	1
"2184"	"HEXB"	1
"2185"	"HEXIM1"	1
"2186"	"HEY1"	1
"2187"	"HGF"	1
"2188"	"HIF1A"	1
"2189"	"HIPK2"	1
"2190"	"HIST1H1B"	1
"2191"	"HIST1H1C"	1
"2192"	"HIST1H2AJ"	1
"2193"	"HIST1H4I"	1
"2194"	"HIST3H3"	1
"2195"	"HLA-A"	1
"2196"	"HLA-DRA"	1
"2197"	"HMGCR"	1
"2198"	"HMGCS2"	1
"2199"	"HMMR"	1
"2200"	"HMOX1"	1
"2201"	"HMOX2"	1
"2202"	"HNRNPA1"	1
"2203"	"HNRNPK"	1
"2204"	"HNRNPR"	1
"2205"	"HOXA9"	1
"2206"	"HOXB13"	1
"2207"	"HOXB9"	1
"2208"	"HOXC6"	1
"2209"	"HOXD1"	1
"2210"	"HP1BP3"	1
"2211"	"HPGD"	1
"2212"	"HRAS"	1
"2213"	"HRG"	1
"2214"	"HSD11B1L"	1
"2215"	"HSF1"	1
"2216"	"HSP90AA1"	1
"2217"	"HSP90AB1"	1
"2218"	"HSPA4"	1
"2219"	"HSPA5"	1
"2220"	"HSPA6"	1
"2221"	"HSPA8"	1
"2222"	"HSPB1"	1
"2223"	"HSPD1"	1
"2224"	"HSPE1"	1
"2225"	"HSPG2"	1
"2226"	"HSPH1"	1
"2227"	"HTR3A"	1
"2228"	"HTRA3"	1
"2229"	"HTT"	1
"2230"	"ICAM1"	1
"2231"	"ICAM2"	1
"2232"	"ICAM3"	1
"2233"	"ID3"	1
"2234"	"IDH1"	1
"2235"	"IDO1"	1
"2236"	"IFIH1"	1
"2237"	"IFIT2"	1
"2238"	"IFITM3"	1
"2239"	"IFNA1"	1
"2240"	"IFNB1"	1
"2241"	"IFT74"	1
"2242"	"IGF1"	1
"2243"	"IGF1R"	1
"2244"	"IGF2"	1
"2245"	"IGFBP3"	1
"2246"	"IGFBP7"	1
"2247"	"IGK"	1
"2248"	"IHH"	1
"2249"	"IKBKG"	1
"2250"	"IL11RA"	1
"2251"	"IL12A"	1
"2252"	"IL13RA2"	1
"2253"	"IL15"	1
"2254"	"IL17A"	1
"2255"	"IL17B"	1
"2256"	"IL17D"	1
"2257"	"IL17F"	1
"2258"	"IL17RB"	1
"2259"	"IL18"	1
"2260"	"IL19"	1
"2261"	"IL1RAPL1"	1
"2262"	"IL1RN"	1
"2263"	"IL2"	1
"2264"	"IL20"	1
"2265"	"IL20RA"	1
"2266"	"IL20RB"	1
"2267"	"IL22RA1"	1
"2268"	"IL24"	1
"2269"	"IL27"	1
"2270"	"IL2RA"	1
"2271"	"IL33"	1
"2272"	"IL4"	1
"2273"	"IL5"	1
"2274"	"IL6"	1
"2275"	"IL6R"	1
"2276"	"IL6ST"	1
"2277"	"ILK"	1
"2278"	"ILKAP"	1
"2279"	"IMPDH2"	1
"2280"	"ING3"	1
"2281"	"ING4"	1
"2282"	"INHBE"	1
"2283"	"INPP4B"	1
"2284"	"INPPL1"	1
"2285"	"INSIG1"	1
"2286"	"IRAK2"	1
"2287"	"IRF3"	1
"2288"	"IRF5"	1
"2289"	"IRS1"	1
"2290"	"IRS2"	1
"2291"	"ITGA2B"	1
"2292"	"ITGA3"	1
"2293"	"ITGA5"	1
"2294"	"ITGAX"	1
"2295"	"ITGB1"	1
"2296"	"ITGB2"	1
"2297"	"ITGB5"	1
"2298"	"ITIH4"	1
"2299"	"JAK1"	1
"2300"	"JAK2"	1
"2301"	"JAM2"	1
"2302"	"JDP2"	1
"2303"	"JMJD6"	1
"2304"	"JUND"	1
"2305"	"KCNH1"	1
"2306"	"KCNK10"	1
"2307"	"KCNK2"	1
"2308"	"KDM1A"	1
"2309"	"KDM1B"	1
"2310"	"KDM3A"	1
"2311"	"KDM4A"	1
"2312"	"KDM4C"	1
"2313"	"KDM4D"	1
"2314"	"KDR"	1
"2315"	"KHSRP"	1
"2316"	"KIF15"	1
"2317"	"KIF22"	1
"2318"	"KIF23"	1
"2319"	"KISS1R"	1
"2320"	"KIT"	1
"2321"	"KL"	1
"2322"	"KLF5"	1
"2323"	"KLF6"	1
"2324"	"KMT2A"	1
"2325"	"KMT2C"	1
"2326"	"KMT2E"	1
"2327"	"KMT5C"	1
"2328"	"KNG1"	1
"2329"	"KRAS"	1
"2330"	"KRT10"	1
"2331"	"KRT16"	1
"2332"	"KRT7"	1
"2333"	"KRT76"	1
"2334"	"KRT79"	1
"2335"	"KRT81"	1
"2336"	"KRT82"	1
"2337"	"KSR1"	1
"2338"	"L1CAM"	1
"2339"	"LAMA5"	1
"2340"	"LAMP1"	1
"2341"	"LAMTOR3"	1
"2342"	"LAMTOR5"	1
"2343"	"LASP1"	1
"2344"	"LBH"	1
"2345"	"LCK"	1
"2346"	"LDLR"	1
"2347"	"LEF1"	1
"2348"	"LEP"	1
"2349"	"LETM1"	1
"2350"	"LGALS16"	1
"2351"	"LGALS2"	1
"2352"	"LGALS3"	1
"2353"	"LGALS4"	1
"2354"	"LGALS7"	1
"2355"	"LGI1"	1
"2356"	"LHX2"	1
"2357"	"LIG3"	1
"2358"	"LIG4"	1
"2359"	"LIMK1"	1
"2360"	"LLGL1"	1
"2361"	"LLGL2"	1
"2362"	"LMNA"	1
"2363"	"LMNB1"	1
"2364"	"LONP1"	1
"2365"	"LOX"	1
"2366"	"LOXL2"	1
"2367"	"LOXL4"	1
"2368"	"LPAR1"	1
"2369"	"LPAR2"	1
"2370"	"LPAR3"	1
"2371"	"LPO"	1
"2372"	"LRPAP1"	1
"2373"	"LRRC1"	1
"2374"	"LTA4H"	1
"2375"	"LTB4R2"	1
"2376"	"LXN"	1
"2377"	"LY9"	1
"2378"	"LYN"	1
"2379"	"LYPLA1"	1
"2380"	"LYVE1"	1
"2381"	"MACC1"	1
"2382"	"MADD"	1
"2383"	"MAFA"	1
"2384"	"MAGEA4"	1
"2385"	"MALT1"	1
"2386"	"MAOB"	1
"2387"	"MAP1LC3B"	1
"2388"	"MAP2K2"	1
"2389"	"MAP2K3"	1
"2390"	"MAP2K4"	1
"2391"	"MAP2K5"	1
"2392"	"MAP2K6"	1
"2393"	"MAP2K7"	1
"2394"	"MAP3K1"	1
"2395"	"MAP3K14"	1
"2396"	"MAP3K2"	1
"2397"	"MAP3K3"	1
"2398"	"MAP3K4"	1
"2399"	"MAP3K5"	1
"2400"	"MAP4K1"	1
"2401"	"MAPK1"	1
"2402"	"MAPK14"	1
"2403"	"MAPK3"	1
"2404"	"MAPK7"	1
"2405"	"MAPK8"	1
"2406"	"MAPK8IP1"	1
"2407"	"MAPK8IP2"	1
"2408"	"MAPK9"	1
"2409"	"MAPKAPK3"	1
"2410"	"MARCH5"	1
"2411"	"MARCH8"	1
"2412"	"MARK2"	1
"2413"	"MAX"	1
"2414"	"MBD1"	1
"2415"	"MBD4"	1
"2416"	"MC2R"	1
"2417"	"MCM2"	1
"2418"	"MCM5"	1
"2419"	"MDC1"	1
"2420"	"MDK"	1
"2421"	"MDM2"	1
"2422"	"ME1"	1
"2423"	"MED1"	1
"2424"	"MED25"	1
"2425"	"MEF2A"	1
"2426"	"MEF2D"	1
"2427"	"MEGF10"	1
"2428"	"MEIS1"	1
"2429"	"MELTF"	1
"2430"	"MEP1B"	1
"2431"	"MEST"	1
"2432"	"MET"	1
"2433"	"METAP2"	1
"2434"	"MGAT5"	1
"2435"	"MGMT"	1
"2436"	"MGP"	1
"2437"	"MGST2"	1
"2438"	"MIA"	1
"2439"	"MICB"	1
"2440"	"MIF"	1
"2441"	"MINPP1"	1
"2442"	"MKI67"	1
"2443"	"MLC1"	1
"2444"	"MLH1"	1
"2445"	"MLKL"	1
"2446"	"MLLT1"	1
"2447"	"MLLT11"	1
"2448"	"MLST8"	1
"2449"	"MMAB"	1
"2450"	"MME"	1
"2451"	"MMP11"	1
"2452"	"MMP13"	1
"2453"	"MMP14"	1
"2454"	"MMP19"	1
"2455"	"MMP2"	1
"2456"	"MMP7"	1
"2457"	"MMP8"	1
"2458"	"MMS19"	1
"2459"	"MOK"	1
"2460"	"MPHOSPH6"	1
"2461"	"MRAP"	1
"2462"	"MRC1"	1
"2463"	"MRPL41"	1
"2464"	"MSH2"	1
"2465"	"MSH6"	1
"2466"	"MSMB"	1
"2467"	"MSX2"	1
"2468"	"MT-ND1"	1
"2469"	"MTA1"	1
"2470"	"MTA2"	1
"2471"	"MTDH"	1
"2472"	"MTF2"	1
"2473"	"MTMR11"	1
"2474"	"MTRNR2L6"	1
"2475"	"MUC1"	1
"2476"	"MUC15"	1
"2477"	"MUC3A"	1
"2478"	"MUC5AC"	1
"2479"	"MUTYH"	1
"2480"	"MX1"	1
"2481"	"MX2"	1
"2482"	"MYB"	1
"2483"	"MYCBP"	1
"2484"	"MYCN"	1
"2485"	"MYD88"	1
"2486"	"MYH1"	1
"2487"	"MYH11"	1
"2488"	"MYH14"	1
"2489"	"MYLK"	1
"2490"	"MYOD1"	1
"2491"	"MYOG"	1
"2492"	"N4BP1"	1
"2493"	"NAIP"	1
"2494"	"NANOG"	1
"2495"	"NANOGP8"	1
"2496"	"NBL1"	1
"2497"	"NCF1"	1
"2498"	"NCL"	1
"2499"	"NCSTN"	1
"2500"	"NDRG1"	1
"2501"	"NDRG2"	1
"2502"	"NDUFC2"	1
"2503"	"NDUFS1"	1
"2504"	"NDUFS3"	1
"2505"	"NEIL2"	1
"2506"	"NEK2"	1
"2507"	"NELFCD"	1
"2508"	"NELL2"	1
"2509"	"NET1"	1
"2510"	"NEUROG1"	1
"2511"	"NF1"	1
"2512"	"NF2"	1
"2513"	"NFATC1"	1
"2514"	"NFE2L2"	1
"2515"	"NFKB1"	1
"2516"	"NFKBIA"	1
"2517"	"NFYA"	1
"2518"	"NGF"	1
"2519"	"NGFR"	1
"2520"	"NKD2"	1
"2521"	"NKX2-1"	1
"2522"	"NKX3-1"	1
"2523"	"NLRP1"	1
"2524"	"NLRP3"	1
"2525"	"NOD1"	1
"2526"	"NOM1"	1
"2527"	"NOP14"	1
"2528"	"NOS2"	1
"2529"	"NOS3"	1
"2530"	"NOTCH3"	1
"2531"	"NOTCH4"	1
"2532"	"NOX1"	1
"2533"	"NOX3"	1
"2534"	"NOX4"	1
"2535"	"NPM1"	1
"2536"	"NPY"	1
"2537"	"NPY4R"	1
"2538"	"NQO1"	1
"2539"	"NQO2"	1
"2540"	"NR1D2"	1
"2541"	"NR2F2"	1
"2542"	"NR4A1"	1
"2543"	"NR4A2"	1
"2544"	"NR5A1"	1
"2545"	"NR5A2"	1
"2546"	"NRAS"	1
"2547"	"NRF1"	1
"2548"	"NRG1"	1
"2549"	"NRGN"	1
"2550"	"NRIP1"	1
"2551"	"NRP1"	1
"2552"	"NT5E"	1
"2553"	"NTF3"	1
"2554"	"NTN1"	1
"2555"	"NTRK2"	1
"2556"	"NTRK3"	1
"2557"	"NTS"	1
"2558"	"NTSR1"	1
"2559"	"NUDT1"	1
"2560"	"NUDT18"	1
"2561"	"NUPR1"	1
"2562"	"OCA2"	1
"2563"	"OCLN"	1
"2564"	"OGA"	1
"2565"	"OGG1"	1
"2566"	"OMP"	1
"2567"	"OPRM1"	1
"2568"	"ORC1"	1
"2569"	"OSBPL7"	1
"2570"	"OSGIN1"	1
"2571"	"OSGIN2"	1
"2572"	"OSMR"	1
"2573"	"P2RX1"	1
"2574"	"P2RX3"	1
"2575"	"P2RX4"	1
"2576"	"P2RX5"	1
"2577"	"P2RX6"	1
"2578"	"P2RY1"	1
"2579"	"P2RY11"	1
"2580"	"P2RY12"	1
"2581"	"P2RY6"	1
"2582"	"P3H1"	1
"2583"	"P4HB"	1
"2584"	"P4HTM"	1
"2585"	"PA2G4"	1
"2586"	"PAFAH1B2"	1
"2587"	"PAH"	1
"2588"	"PAK1"	1
"2589"	"PAK4"	1
"2590"	"PAOX"	1
"2591"	"PAPPA"	1
"2592"	"PARP1"	1
"2593"	"PARP14"	1
"2594"	"PARP16"	1
"2595"	"PARP3"	1
"2596"	"PAWR"	1
"2597"	"PAX1"	1
"2598"	"PAX6"	1
"2599"	"PBX1"	1
"2600"	"PBX2"	1
"2601"	"PCDH17"	1
"2602"	"PCDH18"	1
"2603"	"PCK1"	1
"2604"	"PCK2"	1
"2605"	"PCMT1"	1
"2606"	"PCNT"	1
"2607"	"PDCD4"	1
"2608"	"PDE3A"	1
"2609"	"PDE4D"	1
"2610"	"PDE5A"	1
"2611"	"PDGFB"	1
"2612"	"PDGFD"	1
"2613"	"PDGFRA"	1
"2614"	"PDIK1L"	1
"2615"	"PDK1"	1
"2616"	"PDLIM7"	1
"2617"	"PDPN"	1
"2618"	"PDXP"	1
"2619"	"PEBP1"	1
"2620"	"PECAM1"	1
"2621"	"PEG10"	1
"2622"	"PELP1"	1
"2623"	"PEMT"	1
"2624"	"PES1"	1
"2625"	"PEX13"	1
"2626"	"PFDN5"	1
"2627"	"PFKFB3"	1
"2628"	"PGAP3"	1
"2629"	"PGC"	1
"2630"	"PGD"	1
"2631"	"PGF"	1
"2632"	"PHB"	1
"2633"	"PHC2"	1
"2634"	"PHEX"	1
"2635"	"PHF1"	1
"2636"	"PHGDH"	1
"2637"	"PHKA2"	1
"2638"	"PHLDA1"	1
"2639"	"PHOX2B"	1
"2640"	"PHPT1"	1
"2641"	"PIAS1"	1
"2642"	"PIF1"	1
"2643"	"PIK3C2A"	1
"2644"	"PIK3CA"	1
"2645"	"PIM3"	1
"2646"	"PIN1"	1
"2647"	"PINK1"	1
"2648"	"PINX1"	1
"2649"	"PIPOX"	1
"2650"	"PIR"	1
"2651"	"PKN1"	1
"2652"	"PKN2"	1
"2653"	"PLA2G1B"	1
"2654"	"PLA2G2A"	1
"2655"	"PLAGL1"	1
"2656"	"PLAU"	1
"2657"	"PLCE1"	1
"2658"	"PLIN1"	1
"2659"	"PLK3"	1
"2660"	"PLOD1"	1
"2661"	"PLP1"	1
"2662"	"PLXNB2"	1
"2663"	"PMAIP1"	1
"2664"	"PMS2"	1
"2665"	"PNKP"	1
"2666"	"PNP"	1
"2667"	"PNPLA2"	1
"2668"	"POLG"	1
"2669"	"POLL"	1
"2670"	"POMC"	1
"2671"	"PON1"	1
"2672"	"PON2"	1
"2673"	"POR"	1
"2674"	"POU5F1"	1
"2675"	"PPARD"	1
"2676"	"PPBP"	1
"2677"	"PPIF"	1
"2678"	"PPIG"	1
"2679"	"PPIL1"	1
"2680"	"PPIL2"	1
"2681"	"PPM1A"	1
"2682"	"PPOX"	1
"2683"	"PPP1R13L"	1
"2684"	"PPP2R1A"	1
"2685"	"PPP4C"	1
"2686"	"PPP5C"	1
"2687"	"PRB2"	1
"2688"	"PRDM9"	1
"2689"	"PREP"	1
"2690"	"PREX1"	1
"2691"	"PRKACA"	1
"2692"	"PRKAR1B"	1
"2693"	"PRKCB"	1
"2694"	"PRKCE"	1
"2695"	"PRKCG"	1
"2696"	"PRL"	1
"2697"	"PROCR"	1
"2698"	"PROX1"	1
"2699"	"PRPF4B"	1
"2700"	"PRPH2"	1
"2701"	"PRRX1"	1
"2702"	"PRRX2"	1
"2703"	"PRSS55"	1
"2704"	"PRTN3"	1
"2705"	"PSAP"	1
"2706"	"PSEN1"	1
"2707"	"PSG5"	1
"2708"	"PSIP1"	1
"2709"	"PSMA7"	1
"2710"	"PSMB10"	1
"2711"	"PSME1"	1
"2712"	"PTEN"	1
"2713"	"PTGER1"	1
"2714"	"PTGER2"	1
"2715"	"PTGER3"	1
"2716"	"PTGER4"	1
"2717"	"PTGES"	1
"2718"	"PTGIS"	1
"2719"	"PTGR1"	1
"2720"	"PTGS2"	1
"2721"	"PTH"	1
"2722"	"PTHLH"	1
"2723"	"PTK2"	1
"2724"	"PTMA"	1
"2725"	"PTP4A3"	1
"2726"	"PTPA"	1
"2727"	"PTPN1"	1
"2728"	"PTPRA"	1
"2729"	"PTPRC"	1
"2730"	"PTPRG"	1
"2731"	"PTPRK"	1
"2732"	"PTPRN2"	1
"2733"	"PTPRZ1"	1
"2734"	"PTX3"	1
"2735"	"PVR"	1
"2736"	"PWP2"	1
"2737"	"PXDN"	1
"2738"	"PXN"	1
"2739"	"QRSL1"	1
"2740"	"RAB11FIP1"	1
"2741"	"RAB5A"	1
"2742"	"RABAC1"	1
"2743"	"RAC2"	1
"2744"	"RAC3"	1
"2745"	"RAD51"	1
"2746"	"RAET1E"	1
"2747"	"RAG1"	1
"2748"	"RALA"	1
"2749"	"RAP1A"	1
"2750"	"RAPGEF1"	1
"2751"	"RAPGEF3"	1
"2752"	"RARB"	1
"2753"	"RARRES3"	1
"2754"	"RASD1"	1
"2755"	"RASGRF1"	1
"2756"	"RASGRP1"	1
"2757"	"RASL11A"	1
"2758"	"RASSF1"	1
"2759"	"RB1"	1
"2760"	"RBBP4"	1
"2761"	"RBFOX3"	1
"2762"	"RBM17"	1
"2763"	"RBMS1"	1
"2764"	"RBP2"	1
"2765"	"RBPJ"	1
"2766"	"RCC1"	1
"2767"	"RCE1"	1
"2768"	"RDH12"	1
"2769"	"REG1A"	1
"2770"	"REL"	1
"2771"	"RELA"	1
"2772"	"RELB"	1
"2773"	"REN"	1
"2774"	"REST"	1
"2775"	"RET"	1
"2776"	"REXO2"	1
"2777"	"RFPL3"	1
"2778"	"RFX1"	1
"2779"	"RGN"	1
"2780"	"RGS13"	1
"2781"	"RGS19"	1
"2782"	"RHOB"	1
"2783"	"RHOC"	1
"2784"	"RIN2"	1
"2785"	"RIPK3"	1
"2786"	"RMDN1"	1
"2787"	"RNF20"	1
"2788"	"ROBO4"	1
"2789"	"ROCK1"	1
"2790"	"RORC"	1
"2791"	"RP2"	1
"2792"	"RPL14"	1
"2793"	"RPL19"	1
"2794"	"RPS3"	1
"2795"	"RPS6KB1"	1
"2796"	"RPS6KB2"	1
"2797"	"RRM1"	1
"2798"	"RTCA"	1
"2799"	"RTN3"	1
"2800"	"RUNX2"	1
"2801"	"RUNX3"	1
"2802"	"RXRB"	1
"2803"	"RYR2"	1
"2804"	"S100A1"	1
"2805"	"S100A12"	1
"2806"	"S100A16"	1
"2807"	"S100A6"	1
"2808"	"S100A7"	1
"2809"	"S100A9"	1
"2810"	"S100B"	1
"2811"	"S100P"	1
"2812"	"S1PR1"	1
"2813"	"S1PR3"	1
"2814"	"S1PR4"	1
"2815"	"SAA1"	1
"2816"	"SAE1"	1
"2817"	"SAG"	1
"2818"	"SALL4"	1
"2819"	"SAMD14"	1
"2820"	"SAR1B"	1
"2821"	"SBNO1"	1
"2822"	"SCARA5"	1
"2823"	"SCGB3A2"	1
"2824"	"SCRIB"	1
"2825"	"SCT"	1
"2826"	"SEC13"	1
"2827"	"SELENOH"	1
"2828"	"SELENOI"	1
"2829"	"SEMA3A"	1
"2830"	"SEMA5A"	1
"2831"	"SEMA6B"	1
"2832"	"SEPT7"	1
"2833"	"SERPINB2"	1
"2834"	"SERPINB5"	1
"2835"	"SERPINB9"	1
"2836"	"SERPINC1"	1
"2837"	"SERPINE1"	1
"2838"	"SERPINH1"	1
"2839"	"SESN2"	1
"2840"	"SETDB1"	1
"2841"	"SF3B1"	1
"2842"	"SF3B2"	1
"2843"	"SH2B3"	1
"2844"	"SH2D3C"	1
"2845"	"SH3GL1"	1
"2846"	"SH3KBP1"	1
"2847"	"SHC1"	1
"2848"	"SHH"	1
"2849"	"SIAH1"	1
"2850"	"SIGLEC1"	1
"2851"	"SIN3A"	1
"2852"	"SIRT1"	1
"2853"	"SIX1"	1
"2854"	"SLC10A1"	1
"2855"	"SLC15A1"	1
"2856"	"SLC16A4"	1
"2857"	"SLC16A6"	1
"2858"	"SLC17A5"	1
"2859"	"SLC25A19"	1
"2860"	"SLC25A24"	1
"2861"	"SLC25A3"	1
"2862"	"SLC28A2"	1
"2863"	"SLC28A3"	1
"2864"	"SLC29A2"	1
"2865"	"SLC2A1"	1
"2866"	"SLC2A4"	1
"2867"	"SLC2A8"	1
"2868"	"SLC3A2"	1
"2869"	"SLC40A1"	1
"2870"	"SLC46A1"	1
"2871"	"SLC52A3"	1
"2872"	"SLC9A2"	1
"2873"	"SLC9A3"	1
"2874"	"SLC9A9"	1
"2875"	"SLC9C1"	1
"2876"	"SLCO1B1"	1
"2877"	"SLCO2A1"	1
"2878"	"SLCO3A1"	1
"2879"	"SLCO4A1"	1
"2880"	"SLN"	1
"2881"	"SMAD4"	1
"2882"	"SMARCB1"	1
"2883"	"SMC2"	1
"2884"	"SMIM10L2A"	1
"2885"	"SMO"	1
"2886"	"SMTN"	1
"2887"	"SNAI1"	1
"2888"	"SNAI2"	1
"2889"	"SNCA"	1
"2890"	"SNRPF"	1
"2891"	"SOCS5"	1
"2892"	"SOD1"	1
"2893"	"SOD3"	1
"2894"	"SORT1"	1
"2895"	"SOS1"	1
"2896"	"SOS2"	1
"2897"	"SOST"	1
"2898"	"SOX17"	1
"2899"	"SOX2"	1
"2900"	"SOX4"	1
"2901"	"SOX7"	1
"2902"	"SOX9"	1
"2903"	"SP3"	1
"2904"	"SP4"	1
"2905"	"SPANXC"	1
"2906"	"SPCS1"	1
"2907"	"SPN"	1
"2908"	"SPP1"	1
"2909"	"SPRED1"	1
"2910"	"SPRED2"	1
"2911"	"SPRY1"	1
"2912"	"SPRY2"	1
"2913"	"SRC"	1
"2914"	"SREBF2"	1
"2915"	"SRF"	1
"2916"	"SRSF1"	1
"2917"	"SRSF4"	1
"2918"	"ST3GAL4"	1
"2919"	"ST6GAL1"	1
"2920"	"ST6GAL2"	1
"2921"	"ST8SIA2"	1
"2922"	"STAG2"	1
"2923"	"STAMBPL1"	1
"2924"	"STAT4"	1
"2925"	"STC1"	1
"2926"	"STK11"	1
"2927"	"STK17B"	1
"2928"	"STK39"	1
"2929"	"STOML2"	1
"2930"	"STRAP"	1
"2931"	"STXBP6"	1
"2932"	"STYK1"	1
"2933"	"SULF1"	1
"2934"	"SULT1C4"	1
"2935"	"SULT2B1"	1
"2936"	"SUMO1"	1
"2937"	"SUMO2"	1
"2938"	"SYK"	1
"2939"	"TAC1"	1
"2940"	"TACC3"	1
"2941"	"TALDO1"	1
"2942"	"TAP1"	1
"2943"	"TARDBP"	1
"2944"	"TASP1"	1
"2945"	"TAT"	1
"2946"	"TAZ"	1
"2947"	"TBCA"	1
"2948"	"TBP"	1
"2949"	"TBX21"	1
"2950"	"TBX3"	1
"2951"	"TBXAS1"	1
"2952"	"TCEAL1"	1
"2953"	"TCERG1"	1
"2954"	"TCF21"	1
"2955"	"TCF4"	1
"2956"	"TDP1"	1
"2957"	"TECR"	1
"2958"	"TEK"	1
"2959"	"TERT"	1
"2960"	"TET1"	1
"2961"	"TET2"	1
"2962"	"TF"	1
"2963"	"TFAM"	1
"2964"	"TFAP2A"	1
"2965"	"TFAP2B"	1
"2966"	"TFAP2C"	1
"2967"	"TFAP4"	1
"2968"	"TFDP2"	1
"2969"	"TFF2"	1
"2970"	"TFF3"	1
"2971"	"TGFA"	1
"2972"	"TGFB2"	1
"2973"	"TGIF2"	1
"2974"	"THBS1"	1
"2975"	"THEM4"	1
"2976"	"THRA"	1
"2977"	"THY1"	1
"2978"	"TICAM1"	1
"2979"	"TICAM2"	1
"2980"	"TIGAR"	1
"2981"	"TIMM44"	1
"2982"	"TIMP1"	1
"2983"	"TIMP2"	1
"2984"	"TJP1"	1
"2985"	"TJP3"	1
"2986"	"TK1"	1
"2987"	"TLR2"	1
"2988"	"TLR3"	1
"2989"	"TLR4"	1
"2990"	"TLR5"	1
"2991"	"TLR7"	1
"2992"	"TLR8"	1
"2993"	"TLR9"	1
"2994"	"TLX2"	1
"2995"	"TM7SF3"	1
"2996"	"TMC1"	1
"2997"	"TMED7"	1
"2998"	"TMEM37"	1
"2999"	"TMEM43"	1
"3000"	"TNFAIP3"	1
"3001"	"TNFRSF10A"	1
"3002"	"TNFRSF11B"	1
"3003"	"TNFRSF1A"	1
"3004"	"TNFRSF25"	1
"3005"	"TNFSF12"	1
"3006"	"TNFSF13B"	1
"3007"	"TNK2"	1
"3008"	"TNKS"	1
"3009"	"TOM1"	1
"3010"	"TOMM22"	1
"3011"	"TOMM7"	1
"3012"	"TOPBP1"	1
"3013"	"TP53I11"	1
"3014"	"TP53INP1"	1
"3015"	"TPM2"	1
"3016"	"TPM3"	1
"3017"	"TPX2"	1
"3018"	"TRA"	1
"3019"	"TRADD"	1
"3020"	"TRAF3"	1
"3021"	"TRAF5"	1
"3022"	"TRAIP"	1
"3023"	"TRAM1"	1
"3024"	"TRERF1"	1
"3025"	"TRIM24"	1
"3026"	"TRIM27"	1
"3027"	"TRIM63"	1
"3028"	"TRIM68"	1
"3029"	"TROAP"	1
"3030"	"TRPM4"	1
"3031"	"TRPM8"	1
"3032"	"TRPV1"	1
"3033"	"TSC2"	1
"3034"	"TSC22D3"	1
"3035"	"TSG101"	1
"3036"	"TSLP"	1
"3037"	"TSPAN31"	1
"3038"	"TTC9"	1
"3039"	"TUBA1B"	1
"3040"	"TUBB"	1
"3041"	"TUBB4B"	1
"3042"	"TUBG1"	1
"3043"	"TUBG2"	1
"3044"	"TUFM"	1
"3045"	"TWIST1"	1
"3046"	"TWIST2"	1
"3047"	"TXN"	1
"3048"	"TXNDC12"	1
"3049"	"TXNDC15"	1
"3050"	"TXNDC5"	1
"3051"	"TXNRD1"	1
"3052"	"UACA"	1
"3053"	"UBA2"	1
"3054"	"UBC"	1
"3055"	"UBE2C"	1
"3056"	"UBE2L3"	1
"3057"	"UBE2N"	1
"3058"	"UCHL1"	1
"3059"	"UCP1"	1
"3060"	"UCP2"	1
"3061"	"UHRF1"	1
"3062"	"ULBP3"	1
"3063"	"ULK1"	1
"3064"	"UPRT"	1
"3065"	"UQCR11"	1
"3066"	"URGCP"	1
"3067"	"USP18"	1
"3068"	"USP9X"	1
"3069"	"UTRN"	1
"3070"	"VANGL1"	1
"3071"	"VASP"	1
"3072"	"VCL"	1
"3073"	"VDR"	1
"3074"	"VHL"	1
"3075"	"VIM"	1
"3076"	"VIPR1"	1
"3077"	"VKORC1"	1
"3078"	"VLDLR"	1
"3079"	"VRK1"	1
"3080"	"VTN"	1
"3081"	"WAPL"	1
"3082"	"WAS"	1
"3083"	"WDR7"	1
"3084"	"WDR77"	1
"3085"	"WDTC1"	1
"3086"	"WEE1"	1
"3087"	"WISP1"	1
"3088"	"WISP3"	1
"3089"	"WNK2"	1
"3090"	"WNT1"	1
"3091"	"WNT11"	1
"3092"	"WNT2"	1
"3093"	"WNT4"	1
"3094"	"WNT5A"	1
"3095"	"WNT8A"	1
"3096"	"WNT9B"	1
"3097"	"WWOX"	1
"3098"	"XAF1"	1
"3099"	"XBP1"	1
"3100"	"XCL1"	1
"3101"	"XDH"	1
"3102"	"XIAP"	1
"3103"	"XPA"	1
"3104"	"XPC"	1
"3105"	"XPO1"	1
"3106"	"XRCC3"	1
"3107"	"XRCC5"	1
"3108"	"XRCC6"	1
"3109"	"YAP1"	1
"3110"	"YBX1"	1
"3111"	"YPEL3"	1
"3112"	"YWHAZ"	1
"3113"	"YY1"	1
"3114"	"ZBTB7A"	1
"3115"	"ZDHHC3"	1
"3116"	"ZEB1"	1
"3117"	"ZFP36L1"	1
"3118"	"ZFP36L2"	1
"3119"	"ZG16B"	1
"3120"	"ZRANB3"	1
